E[1] [eV],Re(eps)_nbnd_10,Re(eps)_nbnd_20,Re(eps)_nbnd_30,Re(eps)_nbnd_40,Re(eps)_nbnd_50,Re(eps)_nbnd_60,Re(eps)_nbnd_70,Re(eps)_nbnd_80
5.000000,2.04828900,2.16741900,2.19034400,2.19753800,2.20108900,2.20289700,2.20395500,2.20458700
5.037593,2.05085200,2.17001700,2.19294400,2.20013900,2.20369000,2.20549800,2.20655500,2.20718800
5.075188,2.05345200,2.17265300,2.19558100,2.20277600,2.20632800,2.20813600,2.20919400,2.20982600
5.112782,2.05608900,2.17532600,2.19825700,2.20545200,2.20900400,2.21081200,2.21187000,2.21250200
5.150376,2.05876500,2.17803900,2.20097100,2.20816700,2.21171900,2.21352700,2.21458500,2.21521700
5.187970,2.06148000,2.18078900,2.20372500,2.21092000,2.21447300,2.21628100,2.21734000,2.21797100
5.225564,2.06423400,2.18358000,2.20651800,2.21371400,2.21726700,2.21907400,2.22013300,2.22076500
5.263157,2.06702800,2.18641200,2.20935200,2.21654800,2.22010100,2.22191000,2.22296700,2.22359900
5.300752,2.06986400,2.18928500,2.21222700,2.21942400,2.22297700,2.22478600,2.22584300,2.22647500
5.338346,2.07274200,2.19219900,2.21514400,2.22234200,2.22589400,2.22770300,2.22876100,2.22939300
5.375940,2.07566200,2.19515800,2.21810500,2.22530200,2.22885600,2.23066400,2.23172200,2.23235500
5.413534,2.07862500,2.19816000,2.22110800,2.22830700,2.23186000,2.23366800,2.23472700,2.23535900
5.451128,2.08163200,2.20120500,2.22415600,2.23135500,2.23490800,2.23671700,2.23777500,2.23840800
5.488721,2.08468400,2.20429700,2.22725100,2.23444900,2.23800200,2.23981100,2.24086900,2.24150200
5.526316,2.08778300,2.20743400,2.23039000,2.23758900,2.24114300,2.24295100,2.24401000,2.24464200
5.563910,2.09092800,2.21061800,2.23357700,2.24077600,2.24433000,2.24613900,2.24719700,2.24782900
5.601503,2.09412000,2.21385000,2.23681100,2.24401100,2.24756500,2.24937400,2.25043200,2.25106400
5.639097,2.09736100,2.21713200,2.24009500,2.24729500,2.25084900,2.25265800,2.25371600,2.25434800
5.676692,2.10065200,2.22046300,2.24342800,2.25062900,2.25418300,2.25599200,2.25705100,2.25768300
5.714285,2.10399300,2.22384400,2.24681200,2.25401400,2.25756800,2.25937700,2.26043600,2.26106800
5.751880,2.10738600,2.22727800,2.25024900,2.25745100,2.26100500,2.26281400,2.26387200,2.26450400
5.789474,2.11083100,2.23076500,2.25373700,2.26094000,2.26449400,2.26630300,2.26736200,2.26799400
5.827067,2.11433000,2.23430500,2.25728000,2.26448300,2.26803800,2.26984700,2.27090600,2.27153700
5.864661,2.11788500,2.23790100,2.26087900,2.26808200,2.27163700,2.27344600,2.27450400,2.27513600
5.902255,2.12149500,2.24155300,2.26453400,2.27173700,2.27529200,2.27710200,2.27816000,2.27879200
5.939849,2.12516200,2.24526300,2.26824600,2.27545000,2.27900500,2.28081500,2.28187300,2.28250600
5.977444,2.12888900,2.24903200,2.27201700,2.27922200,2.28277700,2.28458600,2.28564500,2.28627800
6.015037,2.13267400,2.25286100,2.27584900,2.28305400,2.28660900,2.28841900,2.28947700,2.29010900
6.052631,2.13652100,2.25675100,2.27974200,2.28694700,2.29050300,2.29231300,2.29337200,2.29400300
6.090225,2.14043100,2.26070500,2.28369800,2.29090400,2.29446000,2.29627000,2.29732700,2.29795900
6.127820,2.14440500,2.26472300,2.28771900,2.29492500,2.29848000,2.30029000,2.30134900,2.30198100
6.165413,2.14844500,2.26880600,2.29180500,2.29901200,2.30256700,2.30437700,2.30543600,2.30606800
6.203007,2.15255100,2.27295700,2.29595900,2.30316600,2.30672200,2.30853200,2.30959000,2.31022200
6.240601,2.15672600,2.27717800,2.30018100,2.30739000,2.31094600,2.31275600,2.31381400,2.31444700
6.278195,2.16097200,2.28146900,2.30447500,2.31168400,2.31523900,2.31705000,2.31810900,2.31874000
6.315789,2.16529100,2.28583200,2.30884200,2.31605100,2.31960700,2.32141700,2.32247600,2.32310800
6.353383,2.16968300,2.29027100,2.31328300,2.32049200,2.32404900,2.32585800,2.32691700,2.32755000
6.390977,2.17415000,2.29478400,2.31779900,2.32500900,2.32856600,2.33037600,2.33143500,2.33206800
6.428571,2.17869700,2.29937700,2.32239400,2.32960500,2.33316100,2.33497200,2.33603100,2.33666300
6.466165,2.18332300,2.30404900,2.32707000,2.33428100,2.33783800,2.33964800,2.34070700,2.34134000
6.503759,2.18803000,2.30880500,2.33182800,2.33903900,2.34259600,2.34440600,2.34546600,2.34609800
6.541353,2.19282300,2.31364400,2.33667000,2.34388200,2.34743900,2.34924900,2.35030900,2.35094100
6.578947,2.19770200,2.31857000,2.34159900,2.34881200,2.35236900,2.35417900,2.35523900,2.35587100
6.616541,2.20266900,2.32358600,2.34661800,2.35383100,2.35738900,2.35919900,2.36025900,2.36089100
6.654135,2.20772900,2.32869400,2.35172800,2.35894200,2.36250000,2.36431100,2.36536900,2.36600200
6.691729,2.21288200,2.33389600,2.35693400,2.36414800,2.36770500,2.36951600,2.37057500,2.37120700
6.729323,2.21813200,2.33919600,2.36223600,2.36945000,2.37300800,2.37481900,2.37587800,2.37651000
6.766917,2.22348200,2.34459400,2.36763800,2.37485300,2.37841100,2.38022200,2.38128100,2.38191400
6.804511,2.22893500,2.35009700,2.37314400,2.38035900,2.38391800,2.38572800,2.38678800,2.38742000
6.842104,2.23449300,2.35570600,2.37875500,2.38597100,2.38953000,2.39134000,2.39240000,2.39303200
6.879699,2.24016200,2.36142400,2.38447600,2.39169200,2.39525100,2.39706200,2.39812100,2.39875400
6.917293,2.24594200,2.36725500,2.39031000,2.39752700,2.40108600,2.40289700,2.40395600,2.40458900
6.954887,2.25183900,2.37320300,2.39626100,2.40347900,2.40703800,2.40884900,2.40990800,2.41054100
6.992481,2.25785600,2.37927200,2.40233300,2.40955100,2.41310900,2.41492100,2.41597900,2.41661300
7.030074,2.26399800,2.38546500,2.40852800,2.41574600,2.41930600,2.42111700,2.42217600,2.42280900
7.067669,2.27026700,2.39178600,2.41485300,2.42207100,2.42563200,2.42744200,2.42850200,2.42913400
7.105263,2.27667000,2.39824000,2.42131100,2.42853000,2.43209000,2.43390100,2.43496000,2.43559400
7.142857,2.28320900,2.40483300,2.42790600,2.43512600,2.43868600,2.44049700,2.44155700,2.44218900
7.180451,2.28989200,2.41156900,2.43464400,2.44186500,2.44542500,2.44723700,2.44829600,2.44892900
7.218045,2.29672200,2.41845200,2.44153100,2.44875200,2.45231300,2.45412400,2.45518400,2.45581700
7.255639,2.30370500,2.42548900,2.44857000,2.45579400,2.45935300,2.46116500,2.46222400,2.46285700
7.293232,2.31084800,2.43268500,2.45577100,2.46299400,2.46655400,2.46836600,2.46942500,2.47005800
7.330826,2.31815700,2.44004800,2.46313700,2.47035900,2.47392000,2.47573200,2.47679200,2.47742500
7.368421,2.32563700,2.44758300,2.47067500,2.47789900,2.48145900,2.48327200,2.48433100,2.48496300
7.406014,2.33329700,2.45529800,2.47839300,2.48561700,2.48917800,2.49099000,2.49205000,2.49268300
7.443608,2.34114400,2.46320000,2.48629800,2.49352400,2.49708500,2.49889700,2.49995600,2.50058900
7.481203,2.34918500,2.47129800,2.49440000,2.50162400,2.50518600,2.50699800,2.50805800,2.50869100
7.518797,2.35743000,2.47959800,2.50270400,2.50992900,2.51349100,2.51530300,2.51636300,2.51699500
7.556391,2.36588900,2.48811300,2.51122000,2.51844800,2.52200900,2.52382200,2.52488200,2.52551500
7.593984,2.37456900,2.49685000,2.51996200,2.52718900,2.53075100,2.53256300,2.53362300,2.53425600
7.631578,2.38348400,2.50582100,2.52893700,2.53616500,2.53972700,2.54153800,2.54259900,2.54323200
7.669173,2.39264400,2.51503900,2.53815700,2.54538600,2.54894800,2.55076000,2.55182000,2.55245300
7.706767,2.40206200,2.52451500,2.54763600,2.55486500,2.55842700,2.56024000,2.56129900,2.56193200
7.744360,2.41175000,2.53426100,2.55738600,2.56461500,2.56817900,2.56999000,2.57105000,2.57168300
7.781955,2.42172600,2.54429500,2.56742300,2.57465300,2.57821600,2.58002900,2.58108800,2.58172100
7.819549,2.43200200,2.55463100,2.57776200,2.58499200,2.58855600,2.59036900,2.59142800,2.59206200
7.857142,2.44259900,2.56528700,2.58842300,2.59565400,2.59921600,2.60102800,2.60208900,2.60272200
7.894736,2.45353700,2.57628300,2.59942200,2.60665400,2.61021700,2.61203000,2.61309000,2.61372300
7.932330,2.46483500,2.58764100,2.61078200,2.61801500,2.62157900,2.62339200,2.62445100,2.62508500
7.969924,2.47651700,2.59938400,2.62252900,2.62976200,2.63332600,2.63513900,2.63619900,2.63683200
8.007519,2.48861100,2.61153800,2.63468700,2.64192000,2.64548400,2.64729700,2.64835800,2.64899100
8.045113,2.50114500,2.62413400,2.64728600,2.65452000,2.65808500,2.65989800,2.66095800,2.66159100
8.082706,2.51415400,2.63720300,2.66035800,2.66759300,2.67115700,2.67297100,2.67403100,2.67466400
8.120299,2.52767500,2.65078500,2.67394400,2.68118000,2.68474500,2.68655800,2.68761800,2.68825200
8.157894,2.54175000,2.66492200,2.68808700,2.69532200,2.69888700,2.70069900,2.70176100,2.70239400
8.195488,2.55643000,2.67966500,2.70283100,2.71006800,2.71363300,2.71544600,2.71650600,2.71714000
8.233082,2.57177200,2.69506900,2.71824000,2.72547600,2.72904200,2.73085500,2.73191500,2.73254700
8.270677,2.58784200,2.71120200,2.73437600,2.74161400,2.74517900,2.74699200,2.74805300,2.74868500
8.308270,2.60471700,2.72814100,2.75131800,2.75855700,2.76212200,2.76393600,2.76499700,2.76563000
8.345864,2.62249300,2.74598100,2.76916100,2.77640100,2.77996700,2.78177900,2.78284000,2.78347400
8.383458,2.64128000,2.76483200,2.78801500,2.79525500,2.79882200,2.80063600,2.80169500,2.80232900
8.421052,2.66121000,2.78482600,2.80801400,2.81525400,2.81882000,2.82063400,2.82169600,2.82232800
8.458646,2.68244300,2.80612400,2.82931600,2.83655700,2.84012300,2.84193800,2.84299800,2.84363200
8.496240,2.70516100,2.82890600,2.85210200,2.85934300,2.86291100,2.86472500,2.86578500,2.86641800
8.533834,2.72955400,2.85336600,2.87656600,2.88380900,2.88737400,2.88918900,2.89025000,2.89088300
8.571428,2.75576500,2.87964300,2.90284600,2.91008900,2.91365600,2.91547100,2.91653100,2.91716500
8.609021,2.78367700,2.90762100,2.93082800,2.93807100,2.94163900,2.94345300,2.94451400,2.94514700
8.646616,2.81231500,2.93632700,2.95953800,2.96678100,2.97034900,2.97216300,2.97322500,2.97385800
8.684210,2.83824500,2.96232400,2.98553800,2.99278300,2.99635100,2.99816600,2.99922600,2.99986000
8.721804,2.85310400,2.97724900,3.00046800,3.00771500,3.01128100,3.01309600,3.01415600,3.01479000
8.759398,2.84836600,2.97258000,2.99580100,3.00304900,3.00661700,3.00843100,3.00949200,3.01012600
8.796992,2.83800800,2.96229100,2.98551700,2.99276300,2.99633100,2.99814600,2.99920800,2.99984000
8.834586,2.84863500,2.97298600,2.99621500,3.00346400,3.00703200,3.00884700,3.00990800,3.01054100
8.872180,2.88144300,3.00586200,3.02909600,3.03634300,3.03991400,3.04172800,3.04278800,3.04342300
8.909773,2.92650800,3.05099800,3.07423600,3.08148400,3.08505400,3.08686900,3.08792900,3.08856300
8.947368,2.97848300,3.10304100,3.12628300,3.13353300,3.13710300,3.13891800,3.13997800,3.14061200
8.984962,3.03599700,3.16062600,3.18387100,3.19112200,3.19469100,3.19650700,3.19756700,3.19820000
9.022555,3.09915300,3.22385300,3.24710100,3.25435400,3.25792400,3.25973900,3.26079900,3.26143300
9.060150,3.16774900,3.29251900,3.31577100,3.32302500,3.32659400,3.32840900,3.32946900,3.33010400
9.097744,3.23868300,3.36352600,3.38678500,3.39403700,3.39760500,3.39942200,3.40048300,3.40111700
9.135338,3.29953000,3.42444300,3.44770400,3.45495600,3.45852800,3.46034500,3.46140400,3.46203900
9.172933,3.31411600,3.43910100,3.46236800,3.46962000,3.47319200,3.47500700,3.47606800,3.47670200
9.210526,3.21553800,3.34059500,3.36386400,3.37111900,3.37468900,3.37650600,3.37756700,3.37820000
9.248120,2.99586900,3.12100000,3.14427400,3.15152900,3.15510000,3.15691500,3.15797700,3.15861100
9.285713,2.81750200,2.94270800,2.96598600,2.97324100,2.97681200,2.97862800,2.97968900,2.98032300
9.323307,2.78530600,2.91058500,2.93386700,2.94112300,2.94469400,2.94650900,2.94757100,2.94820600
9.360902,2.84843700,2.97379000,2.99707500,3.00433400,3.00790500,3.00972100,3.01078300,3.01141600
9.398496,2.94708200,3.07250900,3.09579800,3.10305600,3.10662900,3.10844500,3.10950600,3.11014000
9.436090,3.04868600,3.17418800,3.19748100,3.20474100,3.20831300,3.21012800,3.21119100,3.21182400
9.473684,3.12377500,3.24935300,3.27265200,3.27991200,3.28348300,3.28530000,3.28636200,3.28699500
9.511277,3.12976700,3.25542100,3.27872300,3.28598400,3.28955500,3.29137300,3.29243500,3.29306800
9.548872,3.05546500,3.18119300,3.20450000,3.21176000,3.21533200,3.21715000,3.21821200,3.21884600
9.586466,2.97752000,3.10332500,3.12663700,3.13389800,3.13747200,3.13928800,3.14035000,3.14098400
9.624060,2.94769500,3.07357700,3.09689300,3.10415600,3.10772800,3.10954500,3.11060600,3.11124000
9.661654,2.97505700,3.10101800,3.12433800,3.13160100,3.13517500,3.13699200,3.13805400,3.13868700
9.699247,3.05293700,3.17897500,3.20229800,3.20956300,3.21313600,3.21495400,3.21601500,3.21664900
9.736841,3.13448000,3.26059700,3.28392500,3.29119000,3.29476300,3.29658100,3.29764300,3.29827700
9.774436,3.16026400,3.28645800,3.30979200,3.31705600,3.32063200,3.32244800,3.32351000,3.32414500
9.812029,3.09345800,3.21973200,3.24306900,3.25033400,3.25391000,3.25572600,3.25678800,3.25742300
9.849624,2.94722100,3.07357600,3.09691700,3.10418400,3.10775900,3.10957500,3.11063700,3.11127200
9.887218,2.83181000,2.95824400,2.98158900,2.98885700,2.99243200,2.99424900,2.99531100,2.99594500
9.924811,2.84628400,2.97279900,2.99614700,3.00341700,3.00699200,3.00880900,3.00987100,3.01050500
9.962406,2.95730600,3.08390100,3.10725500,3.11452600,3.11810200,3.11991800,3.12098000,3.12161400
9.999999,3.10744000,3.23411700,3.25747500,3.26474700,3.26832200,3.27014000,3.27120100,3.27183600
10.037590,3.26113900,3.38789800,3.41126100,3.41853200,3.42210700,3.42392400,3.42498700,3.42562300
10.075190,3.37955200,3.50639200,3.52975900,3.53703000,3.54060800,3.54242600,3.54348600,3.54412200
10.112780,3.38977300,3.51669700,3.54006900,3.54734200,3.55091800,3.55273600,3.55379800,3.55443100
10.150380,3.22094600,3.34795300,3.37132800,3.37860300,3.38217800,3.38399700,3.38505900,3.38569400
10.187970,2.97743400,3.10452400,3.12790500,3.13517900,3.13875600,3.14057300,3.14163600,3.14227000
10.225560,2.88281200,3.00998500,3.03337000,3.04064500,3.04422200,3.04604100,3.04710300,3.04773600
10.263160,2.96730400,3.09456100,3.11795200,3.12522700,3.12880400,3.13062300,3.13168500,3.13232000
10.300750,3.14272100,3.27006300,3.29345700,3.30073400,3.30431200,3.30613000,3.30719300,3.30782600
10.338350,3.34473200,3.47216000,3.49555900,3.50283600,3.50641500,3.50823300,3.50929500,3.50993000
10.375940,3.52462900,3.65214400,3.67554900,3.68282600,3.68640500,3.68822300,3.68928300,3.68992000
10.413530,3.60352400,3.73112500,3.75453300,3.76181200,3.76539100,3.76720900,3.76827200,3.76890500
10.451130,3.47369500,3.60138000,3.62479400,3.63207500,3.63565400,3.63747300,3.63853500,3.63917000
10.488720,3.15959800,3.28737200,3.31078800,3.31806900,3.32164900,3.32346700,3.32453000,3.32516300
10.526310,2.89099300,3.01885300,3.04227600,3.04955700,3.05313700,3.05495500,3.05601800,3.05665200
10.563910,2.84815700,2.97610500,2.99953200,3.00681500,3.01039500,3.01221300,3.01327600,3.01391000
10.601500,2.99392500,3.12196200,3.14539500,3.15267800,3.15625700,3.15807700,3.15914000,3.15977400
10.639100,3.19421900,3.32234500,3.34578200,3.35306500,3.35664600,3.35846600,3.35952800,3.36016300
10.676690,3.32599400,3.45421000,3.47765100,3.48493600,3.48851600,3.49033500,3.49139800,3.49203200
10.714280,3.28553300,3.41383800,3.43728500,3.44457100,3.44815200,3.44996900,3.45103300,3.45166500
10.751880,3.02715100,3.15554800,3.17899800,3.18628600,3.18986600,3.19168600,3.19274800,3.19338300
10.789470,2.59355700,2.72204300,2.74550000,2.75278700,2.75636700,2.75818700,2.75925000,2.75988300
10.827070,2.06486800,2.19344500,2.21690600,2.22419500,2.22777600,2.22959600,2.23065900,2.23129300
10.864660,1.70466400,1.83333300,1.85679900,1.86408800,1.86766900,1.86949000,1.87055300,1.87118700
10.902250,1.66824900,1.79701100,1.82048000,1.82777000,1.83135200,1.83317200,1.83423500,1.83487000
10.939850,1.84281600,1.97167100,1.99514600,2.00243700,2.00602000,2.00783900,2.00890200,2.00953700
10.977440,2.09786500,2.22681200,2.25029200,2.25758300,2.26116600,2.26298600,2.26404900,2.26468300
11.015040,2.37522500,2.50426700,2.52775100,2.53504400,2.53862600,2.54044700,2.54151000,2.54214500
11.052630,2.65907300,2.78820800,2.81169800,2.81899200,2.82257600,2.82439500,2.82545900,2.82609300
11.090220,2.94902300,3.07825300,3.10174800,3.10904200,3.11262600,3.11444600,3.11551000,3.11614400
11.127820,3.24752200,3.37684700,3.40034700,3.40764300,3.41122400,3.41304600,3.41410900,3.41474300
11.165410,3.55027500,3.67969700,3.70320100,3.71049700,3.71408200,3.71590200,3.71696500,3.71760100
11.203010,3.83078800,3.96030500,3.98381500,3.99111200,3.99469500,3.99651400,3.99758000,3.99821400
11.240600,4.02320800,4.15282200,4.17633700,4.18363600,4.18722100,4.18903900,4.19010400,4.19074000
11.278190,4.05477500,4.18448500,4.20800500,4.21530300,4.21888700,4.22071100,4.22177500,4.22240800
11.315790,3.88007100,4.00988000,4.03340300,4.04070400,4.04429000,4.04611100,4.04717400,4.04780800
11.353380,3.38297500,3.51288300,3.53641200,3.54371300,3.54730000,3.54912000,3.55018300,3.55082000
11.390980,2.52926700,2.65927400,2.68280800,2.69010800,2.69369500,2.69551500,2.69657800,2.69721500
11.428570,1.63106200,1.76116500,1.78470400,1.79200800,1.79559300,1.79741500,1.79847700,1.79911400
11.466160,1.07304800,1.20325100,1.22679800,1.23410100,1.23768600,1.23950900,1.24057100,1.24120700
11.503760,0.88282700,1.01312900,1.03668000,1.04398200,1.04756900,1.04939200,1.05045500,1.05109000
11.541350,0.79368900,0.92409400,0.94764900,0.95495500,0.95854000,0.96036200,0.96142600,0.96206200
11.578950,0.64013000,0.77063600,0.79419800,0.80150300,0.80509100,0.80691200,0.80797800,0.80861200
11.616540,0.59289900,0.72350700,0.74707400,0.75438100,0.75796900,0.75979000,0.76085400,0.76148900
11.654130,0.76194300,0.89265200,0.91622400,0.92353200,0.92711900,0.92894200,0.93000600,0.93064100
11.691730,1.03339700,1.16420900,1.18778700,1.19509600,1.19868300,1.20050500,1.20157000,1.20220500
11.729320,1.25508700,1.38600400,1.40958600,1.41689500,1.42048400,1.42230600,1.42337000,1.42400500
11.766920,1.26382800,1.39484700,1.41843500,1.42574600,1.42933400,1.43115600,1.43222100,1.43285500
11.804510,0.98616700,1.11729100,1.14088400,1.14819500,1.15178400,1.15360700,1.15467200,1.15530600
11.842100,0.67284500,0.80407300,0.82767400,0.83498600,0.83857400,0.84039700,0.84146200,0.84209700
11.879700,0.56592300,0.69725800,0.72086300,0.72817500,0.73176500,0.73358700,0.73465200,0.73528700
11.917290,0.63681900,0.76826000,0.79187000,0.79918400,0.80277400,0.80459600,0.80566100,0.80629700
11.954890,0.80106000,0.93260700,0.95622200,0.96353800,0.96712700,0.96895000,0.97001500,0.97065000
11.992480,0.95743000,1.08908500,1.11270500,1.12002200,1.12361200,1.12543400,1.12649900,1.12713400
12.030070,1.01360600,1.14536800,1.16899400,1.17631100,1.17990100,1.18172400,1.18278900,1.18342400
12.067670,0.99075500,1.12262500,1.14625600,1.15357400,1.15716500,1.15898800,1.16005200,1.16068800
12.105260,1.03302800,1.16500800,1.18864500,1.19596400,1.19955500,1.20137800,1.20244300,1.20307700
12.142860,1.18165500,1.31374300,1.33738600,1.34470600,1.34829700,1.35012000,1.35118500,1.35182100
12.180450,1.38656000,1.51875900,1.54240700,1.54972800,1.55332000,1.55514300,1.55620800,1.55684400
12.218040,1.61070400,1.74301300,1.76666700,1.77398900,1.77758100,1.77940500,1.78046900,1.78110500
12.255640,1.83526700,1.96768700,1.99134600,1.99866900,2.00226100,2.00408500,2.00515000,2.00578600
12.293230,2.03795200,2.17048400,2.19414800,2.20147200,2.20506500,2.20688800,2.20795300,2.20858900
12.330830,2.16587000,2.29851300,2.32218500,2.32950900,2.33310200,2.33492600,2.33599100,2.33662600
12.368420,2.09274700,2.22550300,2.24917800,2.25650500,2.26009700,2.26192100,2.26298700,2.26362200
12.406010,1.68957100,1.82244100,1.84612300,1.85345000,1.85704400,1.85886800,1.85993300,1.86056800
12.443610,1.17809900,1.31108300,1.33477100,1.34209800,1.34569200,1.34751600,1.34858200,1.34921700
12.481200,0.95749300,1.09059100,1.11428500,1.12161400,1.12520800,1.12703200,1.12809700,1.12873300
12.518800,1.02955600,1.16276900,1.18646900,1.19379800,1.19739300,1.19921700,1.20028200,1.20091800
12.556390,1.23000300,1.36333200,1.38703700,1.39436800,1.39796200,1.39978700,1.40085200,1.40148800
12.593980,1.45405300,1.58749800,1.61120900,1.61854100,1.62213600,1.62396100,1.62502600,1.62566200
12.631580,1.63159500,1.76515800,1.78887400,1.79620700,1.79980200,1.80162700,1.80269300,1.80332800
12.669170,1.68764400,1.82132400,1.84504600,1.85238000,1.85597600,1.85780100,1.85886600,1.85950300
12.706770,1.57277100,1.70656900,1.73029600,1.73763100,1.74122800,1.74305200,1.74411800,1.74475400
12.744360,1.30372700,1.43764400,1.46137800,1.46871400,1.47231000,1.47413500,1.47520000,1.47583700
12.781950,1.02334800,1.15738500,1.18112400,1.18846000,1.19205700,1.19388200,1.19494800,1.19558400
12.819550,0.91744300,1.05159900,1.07534400,1.08268100,1.08627800,1.08810300,1.08917000,1.08980600
12.857140,1.00232300,1.13659900,1.16035100,1.16768900,1.17128700,1.17311200,1.17417800,1.17481400
12.894740,1.18935000,1.32374800,1.34750500,1.35484500,1.35844200,1.36026800,1.36133400,1.36196900
12.932330,1.39653600,1.53105600,1.55481900,1.56215900,1.56575700,1.56758300,1.56865000,1.56928500
12.969920,1.54289200,1.67753500,1.70130300,1.70864500,1.71224300,1.71406900,1.71513500,1.71577100
13.007520,1.50143200,1.63619800,1.65997300,1.66731600,1.67091400,1.67274000,1.67380700,1.67444200
13.045110,1.16954000,1.30442900,1.32821000,1.33555400,1.33915300,1.34097900,1.34204500,1.34268100
13.082710,0.75065100,0.88566500,0.90945200,0.91679700,0.92039600,0.92222200,0.92328900,0.92392500
13.120300,0.57374300,0.70888100,0.73267500,0.74002100,0.74362000,0.74544600,0.74651300,0.74714900
13.157890,0.63366200,0.76892700,0.79272600,0.80007300,0.80367300,0.80550000,0.80656600,0.80720200
13.195490,0.77860100,0.91399200,0.93779800,0.94514600,0.94874600,0.95057200,0.95163900,0.95227500
13.233080,0.88915000,1.02466800,1.04848000,1.05582800,1.05942900,1.06125600,1.06232200,1.06295800
13.270670,0.88368100,1.01932600,1.04314400,1.05049400,1.05409500,1.05592100,1.05698800,1.05762400
13.308270,0.79976700,0.93554000,0.95936400,0.96671500,0.97031700,0.97214300,0.97321000,0.97384600
13.345860,0.77346300,0.90936500,0.93319500,0.94054700,0.94414900,0.94597600,0.94704200,0.94767800
13.383460,0.81725000,0.95328200,0.97711800,0.98447100,0.98807300,0.98990000,0.99096700,0.99160300
13.421050,0.85836800,0.99453100,1.01837300,1.02572800,1.02933000,1.03115700,1.03222400,1.03286000
13.458640,0.87389000,1.01018400,1.03403200,1.04138700,1.04499000,1.04681800,1.04788400,1.04852100
13.496240,0.91585000,1.05227500,1.07613000,1.08348600,1.08708900,1.08891700,1.08998300,1.09062000
13.533830,0.99916500,1.13572200,1.15958300,1.16694100,1.17054400,1.17237200,1.17343800,1.17407500
13.571430,1.10976500,1.24645500,1.27032300,1.27768100,1.28128500,1.28311200,1.28417900,1.28481600
13.609020,1.24244600,1.37927000,1.40314400,1.41050400,1.41410700,1.41593600,1.41700200,1.41763900
13.646620,1.38771800,1.52467600,1.54855600,1.55591700,1.55952100,1.56135000,1.56241700,1.56305300
13.684210,1.53231600,1.66941000,1.69329600,1.70065800,1.70426300,1.70609100,1.70715800,1.70779400
13.721800,1.65274400,1.78997400,1.81386700,1.82122900,1.82483400,1.82666300,1.82773000,1.82836700
13.759400,1.70083000,1.83819700,1.86209600,1.86946000,1.87306600,1.87489400,1.87596100,1.87659800
13.796990,1.62361100,1.76111500,1.78502000,1.79238500,1.79599100,1.79782000,1.79888700,1.79952300
13.834590,1.42802100,1.56566300,1.58957500,1.59694100,1.60054700,1.60237600,1.60344300,1.60407900
13.872180,1.15812100,1.29590100,1.31982000,1.32718800,1.33079400,1.33262300,1.33369000,1.33432700
13.909770,0.91355300,1.05147300,1.07539900,1.08276700,1.08637400,1.08820200,1.08927000,1.08990700
13.947370,0.80599800,0.94405900,0.96799100,0.97536000,0.97896700,0.98079600,0.98186400,0.98250000
13.984960,0.78809400,0.92629500,0.95023400,0.95760400,0.96121200,0.96304100,0.96410900,0.96474500
14.022560,0.79565300,0.93399500,0.95794000,0.96531200,0.96891900,0.97074900,0.97181600,0.97245300
14.060150,0.83984700,0.97833200,1.00228300,1.00965600,1.01326400,1.01509400,1.01616100,1.01679800
14.097740,0.92975000,1.06837800,1.09233600,1.09971000,1.10331800,1.10514800,1.10621600,1.10685300
14.135340,1.04087400,1.17964700,1.20361100,1.21098600,1.21459500,1.21642500,1.21749300,1.21813000
14.172930,1.14975000,1.28866700,1.31263800,1.32001400,1.32362300,1.32545300,1.32652100,1.32715800
14.210530,1.24332900,1.38239100,1.40636900,1.41374700,1.41735600,1.41918600,1.42025400,1.42089100
14.248120,1.32683500,1.46604300,1.49002800,1.49740700,1.50101600,1.50284700,1.50391500,1.50455200
14.285710,1.42020400,1.55955900,1.58355000,1.59093000,1.59454000,1.59637100,1.59743900,1.59807600
14.323310,1.52833500,1.66783800,1.69183600,1.69921700,1.70282700,1.70465800,1.70572600,1.70636300
14.360900,1.64299600,1.78264800,1.80665300,1.81403500,1.81764600,1.81947600,1.82054400,1.82118100
14.398490,1.75009900,1.88990100,1.91391200,1.92129600,1.92490600,1.92673700,1.92780600,1.92844300
14.436090,1.81652700,1.95647800,1.98049600,1.98788100,1.99149200,1.99332300,1.99439100,1.99502800
14.473680,1.77038600,1.91048900,1.93451400,1.94190000,1.94551100,1.94734300,1.94841100,1.94904800
14.511280,1.54552900,1.68578300,1.70981500,1.71720200,1.72081400,1.72264600,1.72371400,1.72435100
14.548870,1.25674500,1.39715300,1.42119200,1.42857900,1.43219200,1.43402300,1.43509200,1.43572900
14.586460,1.11813800,1.25869900,1.28274500,1.29013400,1.29374700,1.29557800,1.29664700,1.29728400
14.624060,1.13633600,1.27705100,1.30110400,1.30849400,1.31210800,1.31393900,1.31500800,1.31564500
14.661650,1.21978800,1.36065700,1.38471700,1.39210800,1.39572200,1.39755400,1.39862200,1.39926000
14.699250,1.31791500,1.45894100,1.48300800,1.49040000,1.49401400,1.49584600,1.49691500,1.49755200
14.736840,1.42226900,1.56345100,1.58752500,1.59491900,1.59853300,1.60036500,1.60143400,1.60207100
14.774440,1.52737700,1.66871700,1.69279700,1.70019200,1.70380700,1.70563900,1.70670800,1.70734500
14.812030,1.61386700,1.75536500,1.77945400,1.78684900,1.79046500,1.79229700,1.79336600,1.79400300
14.849620,1.65587600,1.79753400,1.82162800,1.82902600,1.83264100,1.83447300,1.83554300,1.83618000
14.887220,1.63529000,1.77710700,1.80120900,1.80860800,1.81222400,1.81405600,1.81512500,1.81576200
14.924810,1.53109400,1.67307300,1.69718200,1.70458200,1.70819800,1.71003000,1.71110000,1.71173700
14.962400,1.38097100,1.52311100,1.54722700,1.55462800,1.55824500,1.56007800,1.56114700,1.56178500
15.000000,1.30689600,1.44919900,1.47332300,1.48072500,1.48434200,1.48617500,1.48724400,1.48788200
15.037590,1.32928600,1.47175300,1.49588300,1.50328600,1.50690400,1.50873700,1.50980600,1.51044400
15.075190,1.39377500,1.53640600,1.56054400,1.56794800,1.57156600,1.57340000,1.57446900,1.57510600
15.112780,1.47307600,1.61587300,1.64001800,1.64742400,1.65104200,1.65287500,1.65394500,1.65458300
15.150370,1.56005700,1.70302000,1.72717200,1.73457900,1.73819800,1.74003100,1.74110100,1.74173800
15.187970,1.64432700,1.78745700,1.81161600,1.81902400,1.82264300,1.82447700,1.82554700,1.82618400
15.225560,1.72106700,1.86436500,1.88853200,1.89594100,1.89956100,1.90139500,1.90246400,1.90310200
15.263160,1.79572100,1.93918800,1.96336200,1.97077300,1.97439200,1.97622600,1.97729600,1.97793400
15.300750,1.86163100,2.00526900,2.02945000,2.03686200,2.04048200,2.04231600,2.04338600,2.04402400
15.338350,1.89948800,2.04329700,2.06748500,2.07489800,2.07851900,2.08035300,2.08142300,2.08206100
15.375940,1.91635400,2.06033500,2.08453100,2.09194500,2.09556600,2.09740000,2.09847000,2.09910800
15.413530,1.94636000,2.09051400,2.11471700,2.12213200,2.12575400,2.12758800,2.12865800,2.12929600
15.451130,1.98652900,2.13085600,2.15506600,2.16248300,2.16610500,2.16794000,2.16901000,2.16964800
15.488720,2.00929400,2.15379500,2.17801300,2.18543100,2.18905400,2.19088900,2.19195800,2.19259600
15.526320,2.01996400,2.16464100,2.18886700,2.19628600,2.19990900,2.20174400,2.20281400,2.20345200
15.563910,2.05125000,2.19610500,2.22033800,2.22775800,2.23138200,2.23321700,2.23428700,2.23492500
15.601500,2.11421800,2.25925100,2.28349100,2.29091300,2.29453600,2.29637100,2.29744100,2.29807900
15.639100,2.16838500,2.31359600,2.33784300,2.34526600,2.34889000,2.35072500,2.35179600,2.35243400
15.676690,2.14129600,2.28668700,2.31094100,2.31836700,2.32199000,2.32382600,2.32489700,2.32553500
15.714280,2.01539600,2.16096700,2.18523000,2.19265600,2.19628100,2.19811600,2.19918700,2.19982500
15.751880,1.91647900,2.06223200,2.08650300,2.09393000,2.09755500,2.09939000,2.10046100,2.10109900
15.789470,1.92398700,2.06992200,2.09420100,2.10162900,2.10525500,2.10709100,2.10816100,2.10879900
15.827070,1.98505500,2.13117400,2.15546000,2.16288900,2.16651500,2.16835200,2.16942300,2.17006100
15.864660,2.05761100,2.20391500,2.22820900,2.23564000,2.23926600,2.24110200,2.24217200,2.24281200
15.902260,2.15525800,2.30174800,2.32604900,2.33348200,2.33710900,2.33894500,2.34001600,2.34065300
15.939850,2.27853700,2.42521300,2.44952300,2.45695600,2.46058300,2.46242000,2.46349000,2.46412900
15.977440,2.39442200,2.54128600,2.56560300,2.57303800,2.57666500,2.57850100,2.57957300,2.58021100
16.015040,2.45032500,2.59737900,2.62170300,2.62914000,2.63276700,2.63460500,2.63567600,2.63631400
16.052630,2.40416900,2.55141300,2.57574500,2.58318300,2.58681100,2.58864800,2.58971900,2.59035700
16.090230,2.29325500,2.44068900,2.46502900,2.47246800,2.47609600,2.47793300,2.47900400,2.47964300
16.127820,2.19357800,2.34120500,2.36555300,2.37299300,2.37662200,2.37846000,2.37953000,2.38016900
16.165410,2.17366500,2.32148500,2.34584100,2.35328200,2.35691100,2.35874900,2.35982100,2.36045900
16.203010,2.25268500,2.40070000,2.42506400,2.43250600,2.43613600,2.43797300,2.43904500,2.43968300
16.240600,2.37601600,2.52422600,2.54859800,2.55604100,2.55967100,2.56150900,2.56258100,2.56322000
16.278190,2.50191700,2.65032500,2.67470400,2.68214900,2.68577900,2.68761700,2.68868900,2.68932800
16.315790,2.62437400,2.77297900,2.79736600,2.80481300,2.80844400,2.81028200,2.81135400,2.81199200
16.353380,2.73937200,2.88817700,2.91257100,2.92002000,2.92365000,2.92549000,2.92656000,2.92719900
16.390980,2.87518100,3.02418600,3.04858900,3.05603800,3.05967100,3.06150800,3.06258100,3.06321900
16.428570,3.03427500,3.18348100,3.20789200,3.21534200,3.21897500,3.22081400,3.22188500,3.22252400
16.466160,3.12496600,3.27437400,3.29879400,3.30624600,3.30987800,3.31171700,3.31278800,3.31342600
16.503760,3.02754200,3.17715400,3.20158200,3.20903500,3.21266900,3.21450800,3.21558000,3.21621800
16.541350,2.76859000,2.91840700,2.94284200,2.95029700,2.95393000,2.95577000,2.95684200,2.95748000
16.578950,2.53081700,2.68084000,2.70528400,2.71274000,2.71637300,2.71821300,2.71928400,2.71992300
16.616540,2.32619100,2.47642000,2.50087300,2.50833100,2.51196400,2.51380300,2.51487700,2.51551600
16.654130,1.99260400,2.14304200,2.16750200,2.17496100,2.17859700,2.18043600,2.18150800,2.18214700
16.691730,1.55839700,1.70904500,1.73351200,1.74097300,1.74460800,1.74644800,1.74752000,1.74816000
16.729320,1.19030100,1.34116100,1.36563800,1.37310000,1.37673500,1.37857500,1.37964700,1.38028700
16.766920,0.97152900,1.12260100,1.14708600,1.15454900,1.15818500,1.16002600,1.16109800,1.16173700
16.804510,0.88561300,1.03689600,1.06139000,1.06885500,1.07249100,1.07433100,1.07540400,1.07604300
16.842100,0.83844700,0.98994600,1.01444700,1.02191300,1.02555000,1.02739000,1.02846300,1.02910200
16.879700,0.76075100,0.91246600,0.93697500,0.94444300,0.94808000,0.94992000,0.95099300,0.95163200
16.917290,0.65956500,0.81149700,0.83601600,0.84348400,0.84712200,0.84896300,0.85003500,0.85067500
16.954890,0.63006000,0.78221100,0.80673800,0.81420700,0.81784500,0.81968700,0.82075900,0.82139800
16.992480,0.73506500,0.88743700,0.91197200,0.91944300,0.92308100,0.92492200,0.92599500,0.92663400
17.030080,0.91880600,1.07139900,1.09594200,1.10341500,1.10705400,1.10889500,1.10996900,1.11060800
17.067670,1.10847900,1.26129500,1.28584600,1.29332100,1.29696000,1.29880200,1.29987500,1.30051400
17.105260,1.27710800,1.43014700,1.45470800,1.46218300,1.46582300,1.46766400,1.46873700,1.46937700
17.142850,1.43412300,1.58738800,1.61195600,1.61943300,1.62307400,1.62491500,1.62598800,1.62662800
17.180450,1.56487700,1.71836800,1.74294500,1.75042400,1.75406400,1.75590600,1.75698000,1.75761900
17.218040,1.62383800,1.77755700,1.80214300,1.80962300,1.81326400,1.81510600,1.81618000,1.81681900
17.255640,1.59642000,1.75036800,1.77496300,1.78244300,1.78608500,1.78792800,1.78900100,1.78964000
17.293230,1.50442800,1.65860700,1.68321000,1.69069300,1.69433500,1.69617700,1.69725000,1.69789000
17.330830,1.36658800,1.52099900,1.54561100,1.55309500,1.55673800,1.55858000,1.55965400,1.56029300
17.368420,1.26783700,1.42248300,1.44710400,1.45458900,1.45823200,1.46007500,1.46114800,1.46178800
17.406010,1.26262600,1.41750600,1.44213600,1.44962300,1.45326600,1.45510900,1.45618300,1.45682200
17.443610,1.27822600,1.43334300,1.45798100,1.46546900,1.46911300,1.47095600,1.47202900,1.47266900
17.481200,1.27306300,1.42841900,1.45306500,1.46055500,1.46420000,1.46604300,1.46711600,1.46775600
17.518800,1.25153200,1.40712700,1.43178200,1.43927300,1.44291800,1.44476100,1.44583500,1.44647500
17.556390,1.23996000,1.39579700,1.42046000,1.42795300,1.43159800,1.43344200,1.43451600,1.43515600
17.593980,1.30005400,1.45613300,1.48080500,1.48830000,1.49194500,1.49378900,1.49486300,1.49550300
17.631580,1.39856200,1.55488600,1.57956600,1.58706200,1.59070800,1.59255200,1.59362600,1.59426600
17.669170,1.44977200,1.60634100,1.63103200,1.63852900,1.64217500,1.64401900,1.64509400,1.64573300
17.706770,1.41999300,1.57680900,1.60150900,1.60900700,1.61265400,1.61449800,1.61557200,1.61621200
17.744360,1.36188100,1.51894600,1.54365400,1.55115400,1.55480200,1.55664600,1.55772100,1.55836000
17.781950,1.36489700,1.52221300,1.54692900,1.55443100,1.55808000,1.55992400,1.56099800,1.56163800
17.819550,1.42780400,1.58537200,1.61009800,1.61760100,1.62124900,1.62309400,1.62416800,1.62480900
17.857140,1.47613000,1.63395200,1.65868700,1.66619100,1.66984000,1.67168500,1.67276000,1.67340000
17.894740,1.48348500,1.64156200,1.66630600,1.67381200,1.67746200,1.67930700,1.68038200,1.68102200
17.932330,1.49835300,1.65668700,1.68144000,1.68894700,1.69259700,1.69444300,1.69551700,1.69615700
17.969920,1.56626400,1.72485600,1.74961800,1.75712800,1.76077800,1.76262300,1.76369800,1.76433800
18.007520,1.68678900,1.84564200,1.87041400,1.87792400,1.88157500,1.88342000,1.88449500,1.88513500
18.045110,1.83190400,1.99101900,2.01579900,2.02331100,2.02696300,2.02880900,2.02988300,2.03052400
18.082710,1.97543700,2.13481600,2.15960600,2.16711900,2.17077000,2.17261600,2.17369200,2.17433200
18.120300,2.11826500,2.27791000,2.30270800,2.31022300,2.31387500,2.31572100,2.31679600,2.31743700
18.157890,2.27582300,2.43573500,2.46054200,2.46805800,2.47171200,2.47355800,2.47463400,2.47527300
18.195490,2.43908500,2.59926600,2.62408300,2.63160100,2.63525400,2.63710000,2.63817600,2.63881600
18.233080,2.56881600,2.72926700,2.75409400,2.76161300,2.76526600,2.76711400,2.76818900,2.76882900
18.270680,2.62411900,2.78484300,2.80967900,2.81720000,2.82085400,2.82270100,2.82377600,2.82441700
18.308270,2.61452500,2.77552300,2.80036900,2.80789100,2.81154600,2.81339300,2.81446900,2.81510900
18.345860,2.59684800,2.75812200,2.78297700,2.79050100,2.79415700,2.79600400,2.79707900,2.79771900
18.383460,2.62513800,2.78669200,2.81155600,2.81908100,2.82273600,2.82458400,2.82566000,2.82630100
18.421050,2.68482700,2.84666200,2.87153400,2.87906100,2.88271600,2.88456400,2.88564100,2.88628100
18.458640,2.65174400,2.81385900,2.83874200,2.84627100,2.84992800,2.85177500,2.85285100,2.85349200
18.496240,2.40854300,2.57094300,2.59583400,2.60336400,2.60702200,2.60886900,2.60994500,2.61058500
18.533830,2.06218100,2.22486600,2.24976700,2.25729900,2.26095600,2.26280500,2.26388000,2.26452100
18.571430,1.87194800,2.03492100,2.05983200,2.06736500,2.07102300,2.07287100,2.07394700,2.07458800
18.609020,1.87625400,2.03951800,2.06443700,2.07197300,2.07563100,2.07747900,2.07855500,2.07919600
18.646610,1.92534200,2.08889600,2.11382600,2.12136200,2.12502100,2.12687000,2.12794600,2.12858700
18.684210,1.98655400,2.15040300,2.17534200,2.18287900,2.18653800,2.18838700,2.18946300,2.19010400
18.721800,2.15181700,2.31596200,2.34091000,2.34845000,2.35210900,2.35395900,2.35503500,2.35567600
18.759400,2.41476200,2.57920500,2.60416400,2.61170500,2.61536400,2.61721300,2.61829000,2.61893100
18.796990,2.69374700,2.85848900,2.88345700,2.89100000,2.89466000,2.89651000,2.89758600,2.89822700
18.834590,2.89268900,3.05773400,3.08271100,3.09025500,3.09391600,3.09576500,3.09684200,3.09748200
18.872180,2.93735900,3.10270900,3.12769600,3.13524200,3.13890300,3.14075300,3.14183000,3.14247200
18.909770,2.88856800,3.05422500,3.07922100,3.08676800,3.09043100,3.09228100,3.09335800,3.09399800
18.947370,2.90999100,3.07595600,3.10096300,3.10851100,3.11217500,3.11402400,3.11510100,3.11574300
18.984960,3.00614800,3.17242200,3.19744000,3.20499000,3.20865400,3.21050300,3.21158100,3.21222100
19.022560,3.02358600,3.19017500,3.21520100,3.22275200,3.22641700,3.22826700,3.22934500,3.22998700
19.060150,2.84643600,3.01334000,3.03837800,3.04593000,3.04959600,3.05144500,3.05252200,3.05316300
19.097740,2.46296800,2.63019100,2.65523600,2.66279300,2.66645700,2.66830700,2.66938600,2.67002800
19.135340,2.01359100,2.18113400,2.20618800,2.21374600,2.21741200,2.21926300,2.22034100,2.22098400
19.172930,1.67332400,1.84118900,1.86625300,1.87381400,1.87747800,1.87933100,1.88040900,1.88105000
19.210530,1.45196300,1.62015400,1.64522900,1.65279200,1.65645600,1.65830700,1.65938600,1.66002800
19.248120,1.27587100,1.44438700,1.46947300,1.47703500,1.48070200,1.48255400,1.48363200,1.48427100
19.285710,1.17836700,1.34721600,1.37231300,1.37987700,1.38354100,1.38539500,1.38647300,1.38711600
19.323310,1.13674500,1.30592400,1.33103200,1.33859500,1.34226400,1.34411300,1.34519200,1.34583300
19.360900,1.08955400,1.25906800,1.28418600,1.29175100,1.29542000,1.29727400,1.29835000,1.29899100
19.398490,0.96226800,1.13211800,1.15724100,1.16481400,1.16848100,1.17033200,1.17141000,1.17205200
19.436090,0.70212500,0.87231700,0.89745100,0.90502200,0.90869300,0.91054400,0.91162200,0.91226400
19.473680,0.33328600,0.50381900,0.52896700,0.53653700,0.54020700,0.54206000,0.54313700,0.54378000
19.511280,-0.05194200,0.11893700,0.14409200,0.15166500,0.15533600,0.15719000,0.15826900,0.15891100
19.548870,-0.29401400,-0.12278900,-0.09762400,-0.09004700,-0.08637800,-0.08452500,-0.08344500,-0.08280300
19.586470,-0.34980300,-0.17822800,-0.15305100,-0.14547400,-0.14180200,-0.13994800,-0.13887100,-0.13822900
19.624060,-0.23468700,-0.06275800,-0.03757100,-0.02999300,-0.02632100,-0.02446800,-0.02339000,-0.02274700
19.661650,0.02072000,0.19300800,0.21820600,0.22578500,0.22945800,0.23131000,0.23239000,0.23303200
19.699250,0.32908300,0.50172900,0.52693700,0.53451900,0.53819200,0.54004600,0.54112400,0.54176600
19.736840,0.53242600,0.70543200,0.73065100,0.73823400,0.74190900,0.74376200,0.74484100,0.74548200
19.774440,0.48907200,0.66244300,0.68767200,0.69525700,0.69893000,0.70078400,0.70186200,0.70250400
19.812030,0.27215500,0.44589100,0.47113000,0.47871600,0.48239200,0.48424700,0.48532400,0.48596800
19.849620,0.12987200,0.30398000,0.32923000,0.33681900,0.34049400,0.34234800,0.34342700,0.34406900
19.887220,0.15469500,0.32917600,0.35443800,0.36202700,0.36570300,0.36755800,0.36863800,0.36927900
19.924810,0.28712900,0.46198600,0.48725700,0.49484900,0.49852600,0.50038100,0.50146000,0.50210200
19.962400,0.41252400,0.58776100,0.61304300,0.62063600,0.62431300,0.62616800,0.62724700,0.62789000
20.000000,0.37751600,0.55313700,0.57842900,0.58602500,0.58970200,0.59155500,0.59263700,0.59327800
