E[1] [eV],Im(eps)_nbnd_10,Im(eps)_nbnd_20,Im(eps)_nbnd_30,Im(eps)_nbnd_40,Im(eps)_nbnd_50,Im(eps)_nbnd_60,Im(eps)_nbnd_70,Im(eps)_nbnd_80
5.000000,0.01012400,0.01045900,0.01049500,0.01050300,0.01050700,0.01050800,0.01050900,0.01051000
5.037593,0.01020900,0.01054400,0.01058000,0.01058800,0.01059200,0.01059300,0.01059400,0.01059500
5.075188,0.01029500,0.01063100,0.01066700,0.01067500,0.01067900,0.01068000,0.01068100,0.01068100
5.112782,0.01038300,0.01071900,0.01075500,0.01076400,0.01076700,0.01076900,0.01076900,0.01077000
5.150376,0.01047300,0.01081000,0.01084600,0.01085400,0.01085700,0.01085900,0.01086000,0.01086000
5.187970,0.01056500,0.01090200,0.01093800,0.01094600,0.01095000,0.01095100,0.01095200,0.01095200
5.225564,0.01065900,0.01099600,0.01103200,0.01104000,0.01104400,0.01104500,0.01104600,0.01104600
5.263157,0.01075400,0.01109200,0.01112800,0.01113600,0.01114000,0.01114100,0.01114200,0.01114200
5.300752,0.01085200,0.01119000,0.01122600,0.01123500,0.01123800,0.01123900,0.01124000,0.01124100
5.338346,0.01095200,0.01129000,0.01132600,0.01133500,0.01133800,0.01134000,0.01134000,0.01134100
5.375940,0.01105400,0.01139300,0.01142900,0.01143700,0.01144000,0.01144200,0.01144300,0.01144300
5.413534,0.01115800,0.01149700,0.01153300,0.01154200,0.01154500,0.01154600,0.01154700,0.01154800
5.451128,0.01126500,0.01160400,0.01164000,0.01164800,0.01165200,0.01165300,0.01165400,0.01165400
5.488721,0.01137300,0.01171300,0.01174900,0.01175800,0.01176100,0.01176200,0.01176300,0.01176400
5.526316,0.01148500,0.01182500,0.01186100,0.01186900,0.01187200,0.01187400,0.01187500,0.01187500
5.563910,0.01159800,0.01193900,0.01197500,0.01198300,0.01198700,0.01198800,0.01198900,0.01198900
5.601503,0.01171400,0.01205500,0.01209100,0.01210000,0.01210300,0.01210500,0.01210500,0.01210600
5.639097,0.01183300,0.01217400,0.01221000,0.01221900,0.01222200,0.01222400,0.01222500,0.01222500
5.676692,0.01195500,0.01229600,0.01233200,0.01234100,0.01234400,0.01234600,0.01234700,0.01234700
5.714285,0.01207900,0.01242100,0.01245700,0.01246600,0.01246900,0.01247000,0.01247100,0.01247200
5.751880,0.01220600,0.01254900,0.01258500,0.01259300,0.01259700,0.01259800,0.01259900,0.01259900
5.789474,0.01233700,0.01267900,0.01271500,0.01272400,0.01272700,0.01272900,0.01272900,0.01273000
5.827067,0.01247000,0.01281300,0.01284900,0.01285700,0.01286100,0.01286200,0.01286300,0.01286300
5.864661,0.01260600,0.01295000,0.01298600,0.01299400,0.01299800,0.01299900,0.01300000,0.01300000
5.902255,0.01274600,0.01309000,0.01312600,0.01313400,0.01313800,0.01313900,0.01314000,0.01314000
5.939849,0.01288900,0.01323300,0.01326900,0.01327800,0.01328100,0.01328300,0.01328300,0.01328400
5.977444,0.01303600,0.01338000,0.01341600,0.01342500,0.01342800,0.01343000,0.01343000,0.01343100
6.015037,0.01318600,0.01353100,0.01356700,0.01357500,0.01357900,0.01358000,0.01358100,0.01358200
6.052631,0.01334000,0.01368500,0.01372100,0.01373000,0.01373300,0.01373500,0.01373500,0.01373600
6.090225,0.01349800,0.01384300,0.01388000,0.01388800,0.01389100,0.01389300,0.01389400,0.01389400
6.127820,0.01365900,0.01400600,0.01404200,0.01405000,0.01405400,0.01405500,0.01405600,0.01405600
6.165413,0.01382500,0.01417200,0.01420800,0.01421700,0.01422000,0.01422200,0.01422200,0.01422300
6.203007,0.01399600,0.01434300,0.01437900,0.01438800,0.01439100,0.01439200,0.01439300,0.01439400
6.240601,0.01417100,0.01451800,0.01455400,0.01456300,0.01456600,0.01456800,0.01456800,0.01456900
6.278195,0.01435000,0.01469800,0.01473400,0.01474300,0.01474600,0.01474700,0.01474800,0.01474900
6.315789,0.01453400,0.01488200,0.01491900,0.01492700,0.01493100,0.01493200,0.01493300,0.01493300
6.353383,0.01472300,0.01507200,0.01510800,0.01511700,0.01512000,0.01512200,0.01512300,0.01512300
6.390977,0.01491800,0.01526700,0.01530300,0.01531200,0.01531500,0.01531700,0.01531800,0.01531800
6.428571,0.01511800,0.01546700,0.01550400,0.01551200,0.01551600,0.01551700,0.01551800,0.01551800
6.466165,0.01532300,0.01567300,0.01571000,0.01571800,0.01572200,0.01572300,0.01572400,0.01572400
6.503759,0.01553500,0.01588500,0.01592200,0.01593000,0.01593300,0.01593500,0.01593600,0.01593600
6.541353,0.01575200,0.01610300,0.01613900,0.01614800,0.01615100,0.01615300,0.01615400,0.01615400
6.578947,0.01597600,0.01632700,0.01636400,0.01637200,0.01637600,0.01637700,0.01637800,0.01637800
6.616541,0.01620700,0.01655800,0.01659500,0.01660300,0.01660700,0.01660800,0.01660900,0.01660900
6.654135,0.01644400,0.01679600,0.01683300,0.01684100,0.01684500,0.01684600,0.01684700,0.01684700
6.691729,0.01668900,0.01704100,0.01707800,0.01708600,0.01709000,0.01709100,0.01709200,0.01709300
6.729323,0.01694100,0.01729400,0.01733100,0.01733900,0.01734300,0.01734400,0.01734500,0.01734500
6.766917,0.01720100,0.01755500,0.01759100,0.01760000,0.01760300,0.01760500,0.01760500,0.01760600
6.804511,0.01747000,0.01782400,0.01786000,0.01786900,0.01787200,0.01787400,0.01787400,0.01787500
6.842104,0.01774700,0.01810100,0.01813800,0.01814600,0.01815000,0.01815100,0.01815200,0.01815300
6.879699,0.01803300,0.01838800,0.01842500,0.01843300,0.01843700,0.01843800,0.01843900,0.01843900
6.917293,0.01832900,0.01868400,0.01872100,0.01873000,0.01873300,0.01873400,0.01873500,0.01873600
6.954887,0.01863500,0.01899100,0.01902700,0.01903600,0.01903900,0.01904100,0.01904200,0.01904200
6.992481,0.01895100,0.01930800,0.01934400,0.01935300,0.01935600,0.01935800,0.01935900,0.01935900
7.030074,0.01927900,0.01963600,0.01967200,0.01968100,0.01968400,0.01968600,0.01968700,0.01968700
7.067669,0.01961800,0.01997600,0.02001200,0.02002100,0.02002400,0.02002600,0.02002600,0.02002700
7.105263,0.01997000,0.02032800,0.02036400,0.02037300,0.02037600,0.02037800,0.02037900,0.02037900
7.142857,0.02033400,0.02069300,0.02073000,0.02073800,0.02074200,0.02074300,0.02074400,0.02074400
7.180451,0.02071300,0.02107200,0.02110900,0.02111700,0.02112100,0.02112200,0.02112300,0.02112300
7.218045,0.02110600,0.02146600,0.02150200,0.02151100,0.02151400,0.02151600,0.02151600,0.02151700
7.255639,0.02151500,0.02187500,0.02191100,0.02192000,0.02192300,0.02192500,0.02192500,0.02192600
7.293232,0.02194000,0.02230000,0.02233700,0.02234500,0.02234900,0.02235000,0.02235100,0.02235100
7.330826,0.02238200,0.02274300,0.02278000,0.02278800,0.02279200,0.02279300,0.02279400,0.02279400
7.368421,0.02284300,0.02320500,0.02324100,0.02325000,0.02325300,0.02325500,0.02325600,0.02325600
7.406014,0.02332400,0.02368600,0.02372300,0.02373100,0.02373500,0.02373600,0.02373700,0.02373700
7.443608,0.02382600,0.02418900,0.02422500,0.02423400,0.02423700,0.02423900,0.02424000,0.02424000
7.481203,0.02435100,0.02471400,0.02475100,0.02475900,0.02476300,0.02476400,0.02476500,0.02476500
7.518797,0.02490000,0.02526300,0.02530000,0.02530900,0.02531200,0.02531400,0.02531400,0.02531500
7.556391,0.02547500,0.02583900,0.02587600,0.02588400,0.02588800,0.02588900,0.02589000,0.02589000
7.593984,0.02607800,0.02644300,0.02647900,0.02648800,0.02649100,0.02649300,0.02649400,0.02649400
7.631578,0.02671100,0.02707700,0.02711300,0.02712200,0.02712500,0.02712700,0.02712800,0.02712800
7.669173,0.02737800,0.02774400,0.02778000,0.02778900,0.02779200,0.02779400,0.02779500,0.02779500
7.706767,0.02808000,0.02844600,0.02848300,0.02849200,0.02849500,0.02849600,0.02849700,0.02849800
7.744360,0.02882000,0.02918700,0.02922400,0.02923300,0.02923600,0.02923800,0.02923900,0.02923900
7.781955,0.02960300,0.02997100,0.03000800,0.03001700,0.03002000,0.03002100,0.03002200,0.03002300
7.819549,0.03043300,0.03080100,0.03083800,0.03084700,0.03085000,0.03085200,0.03085200,0.03085300
7.857142,0.03131300,0.03168200,0.03171900,0.03172800,0.03173100,0.03173300,0.03173300,0.03173400
7.894736,0.03225000,0.03262000,0.03265700,0.03266500,0.03266900,0.03267000,0.03267100,0.03267100
7.932330,0.03325000,0.03362000,0.03365700,0.03366500,0.03366900,0.03367000,0.03367100,0.03367100
7.969924,0.03431900,0.03469000,0.03472700,0.03473500,0.03473900,0.03474000,0.03474100,0.03474100
8.007519,0.03546700,0.03583800,0.03587500,0.03588300,0.03588700,0.03588800,0.03588900,0.03588900
8.045113,0.03670300,0.03707400,0.03711100,0.03712000,0.03712300,0.03712500,0.03712600,0.03712600
8.082706,0.03803900,0.03841200,0.03844900,0.03845700,0.03846100,0.03846200,0.03846300,0.03846300
8.120299,0.03949100,0.03986400,0.03990100,0.03991000,0.03991300,0.03991500,0.03991600,0.03991600
8.157894,0.04107700,0.04145000,0.04148700,0.04149600,0.04149900,0.04150100,0.04150200,0.04150200
8.195488,0.04281800,0.04319300,0.04323000,0.04323800,0.04324200,0.04324300,0.04324400,0.04324400
8.233082,0.04474500,0.04511900,0.04515700,0.04516500,0.04516900,0.04517000,0.04517100,0.04517100
8.270677,0.04689300,0.04726800,0.04730500,0.04731400,0.04731700,0.04731900,0.04732000,0.04732000
8.308270,0.04931100,0.04968700,0.04972400,0.04973300,0.04973700,0.04973800,0.04973900,0.04973900
8.345864,0.05206600,0.05244300,0.05248000,0.05248900,0.05249200,0.05249300,0.05249400,0.05249500
8.383458,0.05524800,0.05562500,0.05566200,0.05567100,0.05567400,0.05567600,0.05567700,0.05567700
8.421052,0.05898600,0.05936400,0.05940200,0.05941000,0.05941400,0.05941500,0.05941600,0.05941600
8.458646,0.06347300,0.06385100,0.06388900,0.06389700,0.06390100,0.06390200,0.06390300,0.06390300
8.496240,0.06899800,0.06937700,0.06941400,0.06942300,0.06942600,0.06942800,0.06942800,0.06942900
8.533834,0.07602100,0.07640100,0.07643900,0.07644700,0.07645100,0.07645200,0.07645300,0.07645300
8.571428,0.08529700,0.08567800,0.08571500,0.08572400,0.08572700,0.08572900,0.08572900,0.08573000
8.609021,0.09807300,0.09845400,0.09849200,0.09850000,0.09850400,0.09850500,0.09850600,0.09850600
8.646616,0.11634100,0.11672200,0.11676000,0.11676900,0.11677200,0.11677300,0.11677400,0.11677500
8.684210,0.14254400,0.14292700,0.14296400,0.14297300,0.14297600,0.14297800,0.14297800,0.14297900
8.721804,0.17610100,0.17648400,0.17652100,0.17653000,0.17653300,0.17653500,0.17653600,0.17653600
8.759398,0.20359200,0.20397600,0.20401300,0.20402200,0.20402500,0.20402700,0.20402700,0.20402800
8.796992,0.20458300,0.20496800,0.20500500,0.20501400,0.20501700,0.20501900,0.20502000,0.20502000
8.834586,0.18742700,0.18781300,0.18785000,0.18785900,0.18786200,0.18786400,0.18786400,0.18786500
8.872180,0.17389400,0.17427900,0.17431700,0.17432600,0.17432900,0.17433100,0.17433100,0.17433200
8.909773,0.17133400,0.17172000,0.17175800,0.17176600,0.17177000,0.17177200,0.17177200,0.17177300
8.947368,0.17960400,0.17999100,0.18002900,0.18003700,0.18004100,0.18004200,0.18004300,0.18004300
8.984962,0.19859000,0.19897900,0.19901600,0.19902500,0.19902800,0.19903000,0.19903000,0.19903100
9.022555,0.23027500,0.23066400,0.23070100,0.23071000,0.23071400,0.23071500,0.23071600,0.23071600
9.060150,0.27964900,0.28003800,0.28007600,0.28008400,0.28008800,0.28008900,0.28009000,0.28009000
9.097744,0.35601200,0.35640200,0.35644000,0.35644900,0.35645200,0.35645400,0.35645400,0.35645500
9.135338,0.47374400,0.47413500,0.47417300,0.47418100,0.47418500,0.47418600,0.47418700,0.47418700
9.172933,0.64430400,0.64469500,0.64473400,0.64474200,0.64474600,0.64474700,0.64474800,0.64474800
9.210526,0.83363100,0.83402300,0.83406000,0.83406900,0.83407300,0.83407400,0.83407500,0.83407600
9.248120,0.91069700,0.91109000,0.91112800,0.91113600,0.91114000,0.91114100,0.91114200,0.91114300
9.285713,0.80812000,0.80851400,0.80855200,0.80856000,0.80856300,0.80856500,0.80856500,0.80856500
9.323307,0.65517500,0.65557000,0.65560800,0.65561600,0.65561900,0.65562100,0.65562200,0.65562200
9.360902,0.55317400,0.55356900,0.55360700,0.55361600,0.55361900,0.55362000,0.55362100,0.55362100
9.398496,0.51780100,0.51819700,0.51823400,0.51824300,0.51824700,0.51824800,0.51824900,0.51824900
9.436090,0.54444200,0.54483800,0.54487600,0.54488500,0.54488800,0.54489000,0.54489100,0.54489100
9.473684,0.62977100,0.63016900,0.63020700,0.63021500,0.63021800,0.63022000,0.63022100,0.63022100
9.511277,0.75015500,0.75055400,0.75059100,0.75060000,0.75060300,0.75060400,0.75060600,0.75060600
9.548872,0.83046000,0.83085900,0.83089600,0.83090500,0.83090800,0.83090900,0.83091000,0.83091100
9.586466,0.82683400,0.82723400,0.82727200,0.82728000,0.82728400,0.82728500,0.82728600,0.82728600
9.624060,0.78201700,0.78241700,0.78245500,0.78246400,0.78246700,0.78246900,0.78247000,0.78247000
9.661654,0.73258000,0.73298200,0.73302000,0.73302900,0.73303200,0.73303400,0.73303500,0.73303500
9.699247,0.72436100,0.72476300,0.72480000,0.72480900,0.72481200,0.72481400,0.72481500,0.72481500
9.736841,0.78800400,0.78840700,0.78844500,0.78845400,0.78845700,0.78845900,0.78845900,0.78846000
9.774436,0.90960700,0.91001100,0.91004900,0.91005700,0.91006100,0.91006200,0.91006300,0.91006400
9.812029,1.03174800,1.03215300,1.03219100,1.03219800,1.03220200,1.03220400,1.03220500,1.03220500
9.849624,1.06963800,1.07004400,1.07008200,1.07009100,1.07009400,1.07009500,1.07009600,1.07009700
9.887218,0.97006100,0.97046600,0.97050500,0.97051300,0.97051600,0.97051800,0.97051800,0.97051900
9.924811,0.82541200,0.82582000,0.82585700,0.82586600,0.82587000,0.82587100,0.82587100,0.82587200
9.962406,0.73532100,0.73572900,0.73576700,0.73577600,0.73578000,0.73578100,0.73578100,0.73578200
9.999999,0.72400700,0.72441600,0.72445400,0.72446400,0.72446700,0.72446800,0.72446800,0.72446900
10.037590,0.79448000,0.79489100,0.79492800,0.79493700,0.79494000,0.79494100,0.79494200,0.79494300
10.075190,0.95412500,0.95453600,0.95457400,0.95458300,0.95458700,0.95458900,0.95458800,0.95458900
10.112780,1.18869600,1.18910700,1.18914600,1.18915400,1.18915700,1.18916000,1.18916000,1.18915900
10.150380,1.38378800,1.38420100,1.38423900,1.38424800,1.38424900,1.38425200,1.38425200,1.38425400
10.187970,1.36701300,1.36742700,1.36746400,1.36747300,1.36747700,1.36747800,1.36747800,1.36747800
10.225560,1.18532800,1.18574100,1.18577900,1.18578700,1.18579100,1.18579300,1.18579400,1.18579400
10.263160,1.02578000,1.02619500,1.02623300,1.02624100,1.02624400,1.02624600,1.02624700,1.02624800
10.300750,0.96876800,0.96918400,0.96922100,0.96923000,0.96923300,0.96923400,0.96923600,0.96923600
10.338350,1.02474500,1.02516100,1.02519900,1.02520800,1.02521100,1.02521200,1.02521200,1.02521400
10.375940,1.20150800,1.20192600,1.20196400,1.20197200,1.20197700,1.20197800,1.20197700,1.20198000
10.413530,1.49864700,1.49906700,1.49910400,1.49911200,1.49911500,1.49911600,1.49911700,1.49911600
10.451130,1.82651300,1.82693100,1.82696800,1.82697800,1.82698200,1.82698300,1.82698300,1.82698400
10.488720,1.97779300,1.97821400,1.97825100,1.97825900,1.97826500,1.97826600,1.97826600,1.97826600
10.526310,1.86806900,1.86849000,1.86852800,1.86853600,1.86853900,1.86854100,1.86854100,1.86854200
10.563910,1.65724900,1.65767100,1.65770900,1.65771900,1.65772200,1.65772300,1.65772300,1.65772400
10.601500,1.54867300,1.54909700,1.54913500,1.54914500,1.54914700,1.54914900,1.54914900,1.54915000
10.639100,1.62055800,1.62098100,1.62102000,1.62102900,1.62103200,1.62103400,1.62103400,1.62103400
10.676690,1.86432300,1.86474800,1.86478700,1.86479400,1.86479700,1.86479900,1.86479900,1.86479800
10.714280,2.21186300,2.21229000,2.21232800,2.21233500,2.21234200,2.21234000,2.21234100,2.21234000
10.751880,2.53082800,2.53125500,2.53129200,2.53130200,2.53130500,2.53130800,2.53130700,2.53130700
10.789470,2.70283600,2.70326600,2.70330400,2.70331100,2.70331300,2.70331500,2.70331500,2.70331500
10.827070,2.59818700,2.59861600,2.59865500,2.59866500,2.59866600,2.59866600,2.59866600,2.59866500
10.864660,2.17753200,2.17796300,2.17800200,2.17801100,2.17801500,2.17801500,2.17801500,2.17801700
10.902250,1.68960900,1.69004000,1.69007900,1.69008700,1.69009100,1.69009300,1.69009300,1.69009300
10.939850,1.32605200,1.32648300,1.32652200,1.32653100,1.32653500,1.32653600,1.32653600,1.32653700
10.977440,1.10516200,1.10559500,1.10563400,1.10564200,1.10564500,1.10564700,1.10564700,1.10564800
11.015040,0.99211700,0.99255100,0.99258900,0.99259800,0.99260200,0.99260300,0.99260400,0.99260400
11.052630,0.95961900,0.96005400,0.96009200,0.96010100,0.96010500,0.96010600,0.96010700,0.96010700
11.090220,0.99681900,0.99725500,0.99729300,0.99730100,0.99730500,0.99730700,0.99730700,0.99730700
11.127820,1.10831800,1.10875500,1.10879400,1.10880400,1.10880600,1.10880700,1.10880800,1.10880800
11.165410,1.31409400,1.31453200,1.31457000,1.31457900,1.31458300,1.31458500,1.31458500,1.31458500
11.203010,1.64622500,1.64666600,1.64670400,1.64671200,1.64671500,1.64671500,1.64671800,1.64671700
11.240600,2.12300000,2.12344200,2.12347800,2.12349000,2.12349200,2.12349200,2.12349300,2.12349500
11.278190,2.70876500,2.70920500,2.70924500,2.70925100,2.70925600,2.70925700,2.70925800,2.70926000
11.315790,3.36635100,3.36679200,3.36683200,3.36684400,3.36684300,3.36684700,3.36685000,3.36684700
11.353380,4.02007000,4.02051000,4.02054800,4.02055600,4.02055700,4.02056300,4.02056100,4.02055700
11.390980,4.39108600,4.39152800,4.39156700,4.39157500,4.39157900,4.39157900,4.39157900,4.39157900
11.428570,4.23856200,4.23901000,4.23904700,4.23905400,4.23905800,4.23905800,4.23905900,4.23905700
11.466160,3.74119800,3.74164400,3.74168200,3.74169000,3.74169400,3.74169400,3.74169500,3.74169400
11.503760,3.27217500,3.27262400,3.27266200,3.27267100,3.27267400,3.27267600,3.27267600,3.27267600
11.541350,2.98979200,2.99024000,2.99027900,2.99028800,2.99029200,2.99029200,2.99029300,2.99029400
11.578950,2.71288200,2.71333100,2.71336900,2.71337800,2.71338100,2.71338200,2.71338300,2.71338300
11.616540,2.31966300,2.32011400,2.32015200,2.32016100,2.32016400,2.32016600,2.32016600,2.32016700
11.654130,1.98590500,1.98635700,1.98639600,1.98640500,1.98640800,1.98640900,1.98640900,1.98641000
11.691730,1.85403800,1.85449100,1.85453000,1.85453900,1.85454300,1.85454400,1.85454500,1.85454500
11.729320,1.94363900,1.94409300,1.94413200,1.94414200,1.94414500,1.94414600,1.94414600,1.94414700
11.766920,2.17955600,2.18001200,2.18005000,2.18005900,2.18006300,2.18006400,2.18006400,2.18006600
11.804510,2.31123100,2.31168800,2.31172700,2.31173600,2.31174000,2.31174100,2.31174100,2.31174200
11.842100,2.13272400,2.13318200,2.13322000,2.13322900,2.13323300,2.13323400,2.13323500,2.13323500
11.879700,1.80724100,1.80770000,1.80773900,1.80774800,1.80775200,1.80775300,1.80775300,1.80775400
11.917290,1.51920100,1.51966000,1.51969900,1.51970800,1.51971200,1.51971300,1.51971400,1.51971400
11.954890,1.34327500,1.34373700,1.34377600,1.34378400,1.34378800,1.34378900,1.34379000,1.34379100
11.992480,1.29536800,1.29583100,1.29586900,1.29587900,1.29588200,1.29588300,1.29588400,1.29588400
12.030070,1.30650500,1.30696800,1.30700700,1.30701600,1.30702000,1.30702100,1.30702200,1.30702200
12.067670,1.24019300,1.24065800,1.24069600,1.24070600,1.24070900,1.24071100,1.24071100,1.24071200
12.105260,1.08118700,1.08165300,1.08169300,1.08170200,1.08170500,1.08170700,1.08170700,1.08170800
12.142860,0.94024900,0.94071600,0.94075500,0.94076400,0.94076700,0.94076900,0.94077000,0.94077000
12.180450,0.87172500,0.87219300,0.87223200,0.87224100,0.87224500,0.87224600,0.87224700,0.87224700
12.218040,0.88070700,0.88117600,0.88121600,0.88122500,0.88122800,0.88123000,0.88123000,0.88123100
12.255640,0.97107300,0.97154300,0.97158200,0.97159200,0.97159500,0.97159700,0.97159700,0.97159800
12.293230,1.15916800,1.15964100,1.15968000,1.15968900,1.15969200,1.15969300,1.15969400,1.15969400
12.330830,1.47040000,1.47087400,1.47091400,1.47092100,1.47092500,1.47092700,1.47092800,1.47092800
12.368420,1.88967600,1.89015200,1.89018900,1.89019900,1.89020100,1.89020300,1.89020500,1.89020500
12.406010,2.20480200,2.20527800,2.20531700,2.20532600,2.20532900,2.20532900,2.20533000,2.20533000
12.443610,2.10430400,2.10478100,2.10482000,2.10483000,2.10483300,2.10483400,2.10483500,2.10483500
12.481200,1.72687600,1.72735500,1.72739400,1.72740300,1.72740600,1.72740800,1.72740900,1.72740800
12.518800,1.40221400,1.40269400,1.40273300,1.40274200,1.40274600,1.40274800,1.40274800,1.40274800
12.556390,1.23728400,1.23776600,1.23780500,1.23781500,1.23781800,1.23781900,1.23782000,1.23782000
12.593980,1.22728100,1.22776300,1.22780300,1.22781200,1.22781500,1.22781700,1.22781700,1.22781800
12.631580,1.35560000,1.35608300,1.35612300,1.35613300,1.35613600,1.35613700,1.35613800,1.35613800
12.669170,1.58214200,1.58262700,1.58266700,1.58267600,1.58268000,1.58268100,1.58268200,1.58268200
12.706770,1.81328100,1.81376800,1.81380900,1.81381700,1.81382100,1.81382300,1.81382300,1.81382300
12.744360,1.92251600,1.92300400,1.92304300,1.92305200,1.92305600,1.92305800,1.92305800,1.92305800
12.781950,1.80426700,1.80475600,1.80479600,1.80480500,1.80480800,1.80480900,1.80481100,1.80481100
12.819550,1.54374000,1.54423000,1.54427000,1.54427900,1.54428300,1.54428400,1.54428500,1.54428500
12.857140,1.31694400,1.31743600,1.31747600,1.31748500,1.31748800,1.31749000,1.31749000,1.31749000
12.894740,1.21449000,1.21498300,1.21502400,1.21503200,1.21503600,1.21503700,1.21503800,1.21503900
12.932330,1.25825700,1.25875200,1.25879100,1.25880100,1.25880400,1.25880600,1.25880700,1.25880700
12.969920,1.45671400,1.45721000,1.45725000,1.45725900,1.45726300,1.45726400,1.45726500,1.45726600
13.007520,1.77321100,1.77370800,1.77374800,1.77375700,1.77376100,1.77376200,1.77376300,1.77376300
13.045110,2.00324700,2.00374600,2.00378500,2.00379400,2.00379800,2.00379900,2.00380000,2.00379900
13.082710,1.88800800,1.88850900,1.88854900,1.88855800,1.88856100,1.88856200,1.88856300,1.88856200
13.120300,1.55320900,1.55371100,1.55375000,1.55375900,1.55376300,1.55376400,1.55376400,1.55376500
13.157890,1.27608100,1.27658400,1.27662500,1.27663300,1.27663700,1.27663800,1.27663900,1.27663900
13.195490,1.14899800,1.14950300,1.14954400,1.14955200,1.14955600,1.14955700,1.14955800,1.14955800
13.233080,1.15383900,1.15434600,1.15438600,1.15439600,1.15439900,1.15440000,1.15440100,1.15440100
13.270670,1.20406000,1.20456800,1.20460900,1.20461800,1.20462100,1.20462200,1.20462300,1.20462400
13.308270,1.16679200,1.16730100,1.16734200,1.16735100,1.16735400,1.16735600,1.16735700,1.16735700
13.345860,1.04679700,1.04730800,1.04734800,1.04735800,1.04736100,1.04736200,1.04736300,1.04736400
13.383460,0.94983000,0.95034300,0.95038300,0.95039200,0.95039600,0.95039800,0.95039800,0.95039900
13.421050,0.89812000,0.89863400,0.89867500,0.89868400,0.89868700,0.89868900,0.89869000,0.89869000
13.458640,0.83461700,0.83513300,0.83517300,0.83518300,0.83518600,0.83518700,0.83518800,0.83518900
13.496240,0.74187700,0.74239500,0.74243500,0.74244400,0.74244800,0.74245000,0.74245000,0.74245100
13.533830,0.65921400,0.65973300,0.65977300,0.65978200,0.65978600,0.65978700,0.65978800,0.65978800
13.571430,0.60121600,0.60173700,0.60177800,0.60178700,0.60179000,0.60179200,0.60179200,0.60179300
13.609020,0.57648800,0.57701000,0.57705000,0.57705900,0.57706300,0.57706500,0.57706500,0.57706600
13.646620,0.59630300,0.59682700,0.59686700,0.59687600,0.59688000,0.59688200,0.59688200,0.59688300
13.684210,0.67133500,0.67186000,0.67190100,0.67191000,0.67191300,0.67191500,0.67191500,0.67191600
13.721800,0.81487300,0.81540000,0.81544100,0.81545000,0.81545300,0.81545500,0.81545500,0.81545600
13.759400,1.02741500,1.02794300,1.02798400,1.02799400,1.02799700,1.02799800,1.02799900,1.02799900
13.796990,1.25758800,1.25811800,1.25815800,1.25816800,1.25817100,1.25817300,1.25817300,1.25817300
13.834590,1.42259200,1.42312400,1.42316500,1.42317400,1.42317700,1.42317900,1.42317900,1.42317900
13.872180,1.46460000,1.46513300,1.46517400,1.46518300,1.46518600,1.46518700,1.46518800,1.46518800
13.909770,1.33807900,1.33861400,1.33865500,1.33866400,1.33866800,1.33866900,1.33867000,1.33867000
13.947370,1.13560100,1.13613800,1.13617900,1.13618800,1.13619200,1.13619300,1.13619400,1.13619400
13.984960,0.96682700,0.96736600,0.96740700,0.96741600,0.96742000,0.96742100,0.96742200,0.96742200
14.022560,0.82086100,0.82140100,0.82144200,0.82145100,0.82145500,0.82145600,0.82145700,0.82145800
14.060150,0.67561900,0.67616100,0.67620200,0.67621100,0.67621500,0.67621600,0.67621700,0.67621700
14.097740,0.55716200,0.55770600,0.55774700,0.55775700,0.55776000,0.55776200,0.55776200,0.55776300
14.135340,0.48317600,0.48372200,0.48376300,0.48377300,0.48377600,0.48377800,0.48377800,0.48377900
14.172930,0.44844500,0.44899300,0.44903400,0.44904300,0.44904700,0.44904800,0.44904900,0.44904900
14.210530,0.43709100,0.43764000,0.43768100,0.43769100,0.43769400,0.43769600,0.43769600,0.43769700
14.248120,0.42930200,0.42985300,0.42989400,0.42990400,0.42990700,0.42990900,0.42990900,0.42991000
14.285710,0.42542500,0.42597800,0.42601900,0.42602900,0.42603200,0.42603400,0.42603400,0.42603500
14.323310,0.44360200,0.44415700,0.44419900,0.44420800,0.44421100,0.44421300,0.44421400,0.44421400
14.360900,0.49851800,0.49907500,0.49911600,0.49912600,0.49912900,0.49913100,0.49913100,0.49913200
14.398490,0.60489900,0.60545800,0.60549900,0.60550800,0.60551100,0.60551300,0.60551400,0.60551400
14.436090,0.77936200,0.77992200,0.77996400,0.77997300,0.77997600,0.77997800,0.77997900,0.77997900
14.473680,1.01026300,1.01082500,1.01086600,1.01087500,1.01087800,1.01088100,1.01088100,1.01088200
14.511280,1.18182700,1.18239200,1.18243300,1.18244100,1.18244500,1.18244600,1.18244700,1.18244800
14.548870,1.12884700,1.12941400,1.12945400,1.12946300,1.12946600,1.12946800,1.12946900,1.12946900
14.586460,0.91676800,0.91733700,0.91737700,0.91738700,0.91739000,0.91739200,0.91739300,0.91739300
14.624060,0.72278100,0.72335200,0.72339300,0.72340200,0.72340600,0.72340700,0.72340800,0.72340800
14.661650,0.60154500,0.60211700,0.60215900,0.60216800,0.60217200,0.60217300,0.60217400,0.60217400
14.699250,0.53498600,0.53556000,0.53560200,0.53561100,0.53561500,0.53561700,0.53561700,0.53561800
14.736840,0.50683700,0.50741400,0.50745500,0.50746500,0.50746800,0.50746900,0.50747000,0.50747100
14.774440,0.52092500,0.52150300,0.52154500,0.52155500,0.52155800,0.52155900,0.52156000,0.52156100
14.812030,0.58153900,0.58211900,0.58216100,0.58217000,0.58217400,0.58217600,0.58217600,0.58217700
14.849620,0.67796900,0.67855200,0.67859400,0.67860300,0.67860600,0.67860700,0.67860900,0.67860900
14.887220,0.78699600,0.78758000,0.78762300,0.78763200,0.78763500,0.78763700,0.78763700,0.78763800
14.924810,0.86794900,0.86853500,0.86857700,0.86858700,0.86859000,0.86859200,0.86859200,0.86859300
14.962400,0.83570400,0.83629300,0.83633500,0.83634400,0.83634800,0.83634900,0.83635000,0.83635000
15.000000,0.70210400,0.70269400,0.70273600,0.70274500,0.70274900,0.70275000,0.70275100,0.70275100
15.037590,0.57189200,0.57248500,0.57252700,0.57253700,0.57254000,0.57254200,0.57254200,0.57254300
15.075190,0.48245300,0.48304800,0.48309000,0.48310000,0.48310300,0.48310500,0.48310600,0.48310600
15.112780,0.42370000,0.42429700,0.42434000,0.42434900,0.42435200,0.42435400,0.42435500,0.42435500
15.150370,0.39173100,0.39233100,0.39237300,0.39238200,0.39238600,0.39238700,0.39238800,0.39238900
15.187970,0.38409300,0.38469500,0.38473700,0.38474600,0.38474900,0.38475100,0.38475200,0.38475200
15.225560,0.39096800,0.39157200,0.39161400,0.39162300,0.39162700,0.39162800,0.39162900,0.39163000
15.263160,0.41037700,0.41098300,0.41102500,0.41103400,0.41103800,0.41103900,0.41104000,0.41104100
15.300750,0.45075300,0.45136100,0.45140300,0.45141300,0.45141600,0.45141800,0.45141800,0.45141900
15.338350,0.50180900,0.50241900,0.50246200,0.50247100,0.50247400,0.50247600,0.50247700,0.50247700
15.375940,0.53322200,0.53383400,0.53387700,0.53388600,0.53389000,0.53389100,0.53389200,0.53389200
15.413530,0.54839800,0.54901400,0.54905600,0.54906500,0.54906900,0.54907100,0.54907100,0.54907200
15.451130,0.57844000,0.57905800,0.57910000,0.57911000,0.57911300,0.57911500,0.57911600,0.57911600
15.488720,0.61880100,0.61942100,0.61946300,0.61947300,0.61947600,0.61947800,0.61947800,0.61947900
15.526320,0.64167700,0.64230000,0.64234200,0.64235200,0.64235500,0.64235700,0.64235800,0.64235800
15.563910,0.64853100,0.64915600,0.64919900,0.64920800,0.64921200,0.64921300,0.64921400,0.64921500
15.601500,0.67932900,0.67995600,0.67999900,0.68000800,0.68001100,0.68001300,0.68001300,0.68001400
15.639100,0.77001200,0.77064100,0.77068400,0.77069300,0.77069700,0.77069800,0.77069900,0.77069900
15.676690,0.89859100,0.89922200,0.89926400,0.89927400,0.89927700,0.89927900,0.89927900,0.89928000
15.714280,0.95547400,0.95610800,0.95615000,0.95615900,0.95616400,0.95616500,0.95616500,0.95616600
15.751880,0.88135000,0.88198700,0.88202900,0.88203800,0.88204200,0.88204400,0.88204400,0.88204500
15.789470,0.77851800,0.77915700,0.77920000,0.77920900,0.77921200,0.77921400,0.77921500,0.77921500
15.827070,0.71845300,0.71909500,0.71913800,0.71914700,0.71915100,0.71915200,0.71915300,0.71915400
15.864660,0.68448700,0.68513100,0.68517400,0.68518300,0.68518700,0.68518800,0.68518900,0.68519000
15.902260,0.66668000,0.66732700,0.66737000,0.66738000,0.66738300,0.66738400,0.66738600,0.66738600
15.939850,0.69389500,0.69454400,0.69458800,0.69459700,0.69460000,0.69460200,0.69460300,0.69460300
15.977440,0.78794900,0.78860100,0.78864400,0.78865400,0.78865700,0.78865800,0.78866000,0.78866000
16.015040,0.94194200,0.94259800,0.94264000,0.94265000,0.94265400,0.94265500,0.94265600,0.94265600
16.052630,1.09325200,1.09390900,1.09395200,1.09396200,1.09396600,1.09396700,1.09396700,1.09396800
16.090230,1.16144100,1.16210100,1.16214500,1.16215400,1.16215800,1.16215900,1.16215900,1.16216000
16.127820,1.13069300,1.13135600,1.13140000,1.13140800,1.13141200,1.13141400,1.13141500,1.13141500
16.165410,1.03295800,1.03362400,1.03366700,1.03367700,1.03368000,1.03368100,1.03368300,1.03368300
16.203010,0.95199900,0.95266700,0.95271100,0.95272000,0.95272400,0.95272500,0.95272600,0.95272600
16.240600,0.93573800,0.93640900,0.93645300,0.93646200,0.93646500,0.93646600,0.93646800,0.93646800
16.278190,0.96970200,0.97037700,0.97042000,0.97043000,0.97043300,0.97043400,0.97043500,0.97043700
16.315790,1.03982700,1.04050400,1.04054700,1.04055600,1.04056000,1.04056200,1.04056300,1.04056200
16.353380,1.13462800,1.13530800,1.13535100,1.13536000,1.13536400,1.13536600,1.13536600,1.13536700
16.390980,1.25371100,1.25439400,1.25443700,1.25444600,1.25445100,1.25445200,1.25445300,1.25445300
16.428570,1.46127400,1.46196000,1.46200200,1.46201200,1.46201600,1.46201800,1.46201800,1.46201900
16.466160,1.80244600,1.80313500,1.80317800,1.80318800,1.80319000,1.80319300,1.80319200,1.80319200
16.503760,2.19977500,2.20046800,2.20051100,2.20051900,2.20052300,2.20052400,2.20052500,2.20052500
16.541350,2.47679100,2.47748400,2.47752700,2.47753800,2.47754000,2.47754000,2.47754200,2.47754300
16.578950,2.61841500,2.61911200,2.61915400,2.61916300,2.61916900,2.61917000,2.61917100,2.61917000
16.616540,2.78730100,2.78800300,2.78804500,2.78805400,2.78805700,2.78806000,2.78805900,2.78805800
16.654130,2.96434100,2.96504400,2.96508800,2.96509700,2.96509900,2.96510100,2.96510400,2.96510200
16.691730,2.96945500,2.97016000,2.97020600,2.97021300,2.97021700,2.97021900,2.97022100,2.97021900
16.729320,2.78806100,2.78877000,2.78881500,2.78882300,2.78882700,2.78882800,2.78883000,2.78882900
16.766920,2.52133700,2.52205000,2.52209400,2.52210300,2.52210700,2.52210800,2.52210900,2.52210900
16.804510,2.28550200,2.28621800,2.28626200,2.28627100,2.28627500,2.28627600,2.28627700,2.28627800
16.842100,2.12458000,2.12529900,2.12534300,2.12535200,2.12535600,2.12535700,2.12535800,2.12535800
16.879700,1.99119600,1.99191800,1.99196300,1.99197100,1.99197600,1.99197700,1.99197700,1.99197800
16.917290,1.80335800,1.80408400,1.80412800,1.80413700,1.80414100,1.80414200,1.80414300,1.80414300
16.954890,1.53354400,1.53427300,1.53431700,1.53432700,1.53433000,1.53433200,1.53433300,1.53433300
16.992480,1.27485800,1.27559000,1.27563400,1.27564400,1.27564800,1.27564900,1.27565000,1.27565000
17.030080,1.11128100,1.11201700,1.11206100,1.11207100,1.11207500,1.11207600,1.11207700,1.11207700
17.067670,1.04160800,1.04234700,1.04239200,1.04240100,1.04240500,1.04240600,1.04240700,1.04240700
17.105260,1.02961800,1.03036000,1.03040500,1.03041500,1.03041800,1.03041900,1.03042000,1.03042100
17.142850,1.06278200,1.06352700,1.06357200,1.06358100,1.06358500,1.06358600,1.06358700,1.06358800
17.180450,1.15861200,1.15936200,1.15940600,1.15941500,1.15941900,1.15942100,1.15942200,1.15942200
17.218040,1.30290600,1.30365900,1.30370400,1.30371300,1.30371700,1.30371700,1.30371800,1.30371800
17.255640,1.44064100,1.44139700,1.44144200,1.44145200,1.44145400,1.44145600,1.44145700,1.44145700
17.293230,1.53755800,1.53831700,1.53836300,1.53837200,1.53837600,1.53837700,1.53837800,1.53837800
17.330830,1.55529200,1.55605600,1.55610000,1.55611000,1.55611300,1.55611500,1.55611500,1.55611600
17.368420,1.47222500,1.47299200,1.47303700,1.47304700,1.47305000,1.47305200,1.47305300,1.47305300
17.406010,1.38273200,1.38350300,1.38354700,1.38355700,1.38356100,1.38356200,1.38356200,1.38356300
17.443610,1.34560700,1.34638100,1.34642600,1.34643600,1.34643900,1.34644100,1.34644200,1.34644200
17.481200,1.32102800,1.32180600,1.32185100,1.32186100,1.32186400,1.32186600,1.32186600,1.32186700
17.518800,1.28418600,1.28496800,1.28501300,1.28502300,1.28502600,1.28502800,1.28502900,1.28502900
17.556390,1.20290800,1.20369400,1.20373800,1.20374800,1.20375100,1.20375300,1.20375400,1.20375400
17.593980,1.11485500,1.11564500,1.11569000,1.11569900,1.11570300,1.11570400,1.11570500,1.11570600
17.631580,1.09922100,1.10001500,1.10006000,1.10006900,1.10007300,1.10007400,1.10007500,1.10007500
17.669170,1.15101700,1.15181500,1.15186000,1.15186900,1.15187300,1.15187500,1.15187500,1.15187500
17.706770,1.19290600,1.19370800,1.19375300,1.19376200,1.19376600,1.19376700,1.19376800,1.19376900
17.744360,1.15609700,1.15690200,1.15694700,1.15695700,1.15696100,1.15696200,1.15696300,1.15696300
17.781950,1.06434000,1.06515000,1.06519500,1.06520400,1.06520800,1.06521000,1.06521100,1.06521100
17.819550,1.00603700,1.00685100,1.00689600,1.00690600,1.00690900,1.00691100,1.00691100,1.00691200
17.857140,0.99590100,0.99671900,0.99676400,0.99677400,0.99677700,0.99677900,0.99678000,0.99678000
17.894740,0.97287300,0.97369500,0.97374000,0.97374900,0.97375300,0.97375500,0.97375500,0.97375500
17.932330,0.89971500,0.90054100,0.90058600,0.90059600,0.90060000,0.90060100,0.90060200,0.90060200
17.969920,0.80508500,0.80591600,0.80596100,0.80597100,0.80597500,0.80597600,0.80597700,0.80597700
18.007520,0.73257700,0.73341200,0.73345800,0.73346700,0.73347100,0.73347200,0.73347300,0.73347300
18.045110,0.70429000,0.70513000,0.70517500,0.70518400,0.70518800,0.70519000,0.70519100,0.70519100
18.082710,0.71190500,0.71274900,0.71279500,0.71280400,0.71280800,0.71281000,0.71281000,0.71281100
18.120300,0.73755400,0.73840200,0.73844800,0.73845800,0.73846100,0.73846300,0.73846400,0.73846400
18.157890,0.78852000,0.78937300,0.78941900,0.78942800,0.78943200,0.78943400,0.78943500,0.78943500
18.195490,0.89178300,0.89263900,0.89268600,0.89269500,0.89269900,0.89270000,0.89270200,0.89270200
18.233080,1.05708100,1.05794300,1.05798800,1.05799800,1.05800100,1.05800400,1.05800400,1.05800500
18.270680,1.25050100,1.25136600,1.25141200,1.25142300,1.25142600,1.25142800,1.25142900,1.25142900
18.308270,1.41155100,1.41242100,1.41246800,1.41247800,1.41248100,1.41248200,1.41248400,1.41248300
18.345860,1.51808300,1.51895900,1.51900600,1.51901600,1.51901900,1.51902000,1.51902100,1.51902200
18.383460,1.60972600,1.61060600,1.61065300,1.61066200,1.61066600,1.61066800,1.61066900,1.61066900
18.421050,1.77545200,1.77633800,1.77638400,1.77639400,1.77639700,1.77639800,1.77640000,1.77640000
18.458640,2.04850500,2.04939400,2.04944200,2.04945100,2.04945400,2.04945600,2.04945700,2.04945800
18.496240,2.29117700,2.29207500,2.29211900,2.29213100,2.29213300,2.29213500,2.29213500,2.29213700
18.533830,2.29064300,2.29154500,2.29159100,2.29160000,2.29160600,2.29160600,2.29160700,2.29160700
18.571430,2.08256000,2.08346500,2.08351100,2.08352100,2.08352500,2.08352600,2.08352800,2.08352800
18.609020,1.89279000,1.89370200,1.89374800,1.89375800,1.89376200,1.89376400,1.89376300,1.89376400
18.646610,1.78630100,1.78721700,1.78726300,1.78727400,1.78727600,1.78727800,1.78727800,1.78727900
18.684210,1.66644100,1.66736200,1.66740800,1.66741800,1.66742100,1.66742300,1.66742400,1.66742400
18.721800,1.54435500,1.54528100,1.54532800,1.54533900,1.54534200,1.54534300,1.54534400,1.54534400
18.759400,1.52287800,1.52380900,1.52385600,1.52386600,1.52387000,1.52387100,1.52387200,1.52387300
18.796990,1.64998000,1.65091600,1.65096300,1.65097300,1.65097700,1.65097800,1.65097800,1.65097800
18.834590,1.91331400,1.91425600,1.91430400,1.91431300,1.91431700,1.91431700,1.91431900,1.91431800
18.872180,2.21638600,2.21733600,2.21738300,2.21739400,2.21739500,2.21739800,2.21739800,2.21740000
18.909770,2.42303600,2.42398900,2.42403700,2.42404700,2.42405000,2.42405100,2.42405100,2.42405000
18.947370,2.55783300,2.55879300,2.55884000,2.55885100,2.55885300,2.55885400,2.55885500,2.55885600
18.984960,2.79042700,2.79139200,2.79143800,2.79144600,2.79145000,2.79145400,2.79145400,2.79145200
19.022560,3.17065000,3.17162200,3.17166700,3.17167900,3.17168000,3.17168300,3.17168300,3.17168300
19.060150,3.60479700,3.60577300,3.60582100,3.60582900,3.60583300,3.60583600,3.60583600,3.60583600
19.097740,3.93032200,3.93130500,3.93135300,3.93136200,3.93136500,3.93136600,3.93136500,3.93136500
19.135340,4.02764800,4.02863900,4.02868600,4.02869500,4.02869700,4.02870000,4.02870100,4.02869800
19.172930,3.95578000,3.95677600,3.95682400,3.95683300,3.95683700,3.95683700,3.95683900,3.95683800
19.210530,3.86617800,3.86717800,3.86722400,3.86723300,3.86723900,3.86724000,3.86723900,3.86723900
19.248120,3.77242900,3.77343800,3.77348400,3.77349300,3.77349700,3.77349800,3.77349800,3.77349800
19.285710,3.67462500,3.67564000,3.67568500,3.67569500,3.67570000,3.67570200,3.67570100,3.67570000
19.323310,3.64423700,3.64525800,3.64530400,3.64531500,3.64531700,3.64532000,3.64531900,3.64532100
19.360900,3.69745100,3.69847800,3.69852500,3.69853600,3.69853900,3.69853900,3.69854000,3.69854000
19.398490,3.82324200,3.82427500,3.82432400,3.82433200,3.82433700,3.82433800,3.82433700,3.82433800
19.436090,3.93332100,3.93436100,3.93441000,3.93441900,3.93442200,3.93442400,3.93442300,3.93442300
19.473680,3.93145600,3.93250300,3.93255000,3.93256100,3.93256400,3.93256500,3.93256600,3.93256500
19.511280,3.72997800,3.73103200,3.73108000,3.73109000,3.73109300,3.73109500,3.73109500,3.73109500
19.548870,3.36512400,3.36618400,3.36623200,3.36624200,3.36624500,3.36624700,3.36624700,3.36624700
19.586470,2.96332700,2.96439500,2.96444200,2.96445200,2.96445600,2.96445600,2.96445700,2.96445800
19.624060,2.60580800,2.60688400,2.60693100,2.60694100,2.60694500,2.60694600,2.60694600,2.60694700
19.661650,2.37397200,2.37505500,2.37510200,2.37511200,2.37511600,2.37511700,2.37511800,2.37511800
19.699250,2.34613100,2.34722100,2.34726900,2.34727900,2.34728300,2.34728400,2.34728500,2.34728500
19.736840,2.52853500,2.52963200,2.52968000,2.52968900,2.52969300,2.52969500,2.52969500,2.52969600
19.774440,2.76994400,2.77104900,2.77109700,2.77110600,2.77111100,2.77111200,2.77111300,2.77111300
19.812030,2.83212900,2.83324100,2.83328800,2.83329800,2.83330200,2.83330300,2.83330400,2.83330400
19.849620,2.69255000,2.69367100,2.69371900,2.69372900,2.69373200,2.69373400,2.69373300,2.69373400
19.887220,2.52764600,2.52877500,2.52882200,2.52883200,2.52883500,2.52883600,2.52883700,2.52883700
19.924810,2.45998000,2.46111700,2.46116500,2.46117400,2.46117700,2.46117900,2.46117900,2.46118000
19.962400,2.55029200,2.55143600,2.55148500,2.55149500,2.55149800,2.55149900,2.55150100,2.55150000
20.000000,2.72820400,2.72935700,2.72940600,2.72941600,2.72942000,2.72942100,2.72942100,2.72942100
