E[1] [eV],Im(eps)_nk_4,Im(eps)_nk_6,Im(eps)_nk_8,Im(eps)_nk_10,Im(eps)_nk_12,Im(eps)_nk_14,Im(eps)_nk_16,Im(eps)_nk_18
5.000000,0.01086000,0.01049900,0.01050900,0.01052100,0.01052700,0.01053000,0.01053200,0.01053300
5.037593,0.01095200,0.01058400,0.01059400,0.01060700,0.01061300,0.01061600,0.01061700,0.01061800
5.075188,0.01104700,0.01067100,0.01068100,0.01069400,0.01070000,0.01070300,0.01070400,0.01070500
5.112782,0.01114300,0.01075900,0.01077000,0.01078200,0.01078800,0.01079200,0.01079300,0.01079400
5.150376,0.01124100,0.01085000,0.01086000,0.01087300,0.01087900,0.01088200,0.01088400,0.01088500
5.187970,0.01134100,0.01094200,0.01095200,0.01096500,0.01097200,0.01097500,0.01097700,0.01097800
5.225564,0.01144400,0.01103600,0.01104600,0.01106000,0.01106600,0.01106900,0.01107100,0.01107200
5.263157,0.01154900,0.01113200,0.01114200,0.01115600,0.01116300,0.01116600,0.01116800,0.01116900
5.300752,0.01165600,0.01123000,0.01124100,0.01125400,0.01126100,0.01126400,0.01126600,0.01126800
5.338346,0.01176500,0.01133000,0.01134100,0.01135500,0.01136200,0.01136500,0.01136700,0.01136800
5.375940,0.01187700,0.01143300,0.01144300,0.01145700,0.01146400,0.01146800,0.01147000,0.01147100
5.413534,0.01199200,0.01153700,0.01154800,0.01156200,0.01156900,0.01157300,0.01157500,0.01157600
5.451128,0.01210900,0.01164400,0.01165400,0.01166900,0.01167700,0.01168000,0.01168300,0.01168400
5.488721,0.01222900,0.01175300,0.01176400,0.01177900,0.01178600,0.01179000,0.01179200,0.01179400
5.526316,0.01235200,0.01186500,0.01187500,0.01189100,0.01189800,0.01190200,0.01190400,0.01190600
5.563910,0.01247700,0.01197900,0.01198900,0.01200500,0.01201300,0.01201700,0.01201900,0.01202000
5.601503,0.01260600,0.01209600,0.01210600,0.01212200,0.01213000,0.01213400,0.01213600,0.01213800
5.639097,0.01273700,0.01221500,0.01222500,0.01224100,0.01225000,0.01225400,0.01225600,0.01225800
5.676692,0.01287200,0.01233700,0.01234700,0.01236400,0.01237200,0.01237600,0.01237900,0.01238000
5.714285,0.01301000,0.01246200,0.01247200,0.01248900,0.01249700,0.01250200,0.01250400,0.01250600
5.751880,0.01315200,0.01259000,0.01259900,0.01261700,0.01262500,0.01263000,0.01263300,0.01263400
5.789474,0.01329700,0.01272000,0.01273000,0.01274800,0.01275700,0.01276100,0.01276400,0.01276500
5.827067,0.01344600,0.01285400,0.01286300,0.01288200,0.01289100,0.01289600,0.01289800,0.01290000
5.864661,0.01359800,0.01299100,0.01300000,0.01301900,0.01302800,0.01303300,0.01303600,0.01303800
5.902255,0.01375400,0.01313200,0.01314000,0.01315900,0.01316900,0.01317400,0.01317700,0.01317900
5.939849,0.01391500,0.01327500,0.01328400,0.01330300,0.01331300,0.01331800,0.01332100,0.01332300
5.977444,0.01408000,0.01342300,0.01343100,0.01345100,0.01346100,0.01346600,0.01346900,0.01347100
6.015037,0.01424900,0.01357300,0.01358100,0.01360200,0.01361200,0.01361800,0.01362100,0.01362300
6.052631,0.01442200,0.01372800,0.01373600,0.01375700,0.01376700,0.01377300,0.01377600,0.01377800
6.090225,0.01460000,0.01388700,0.01389400,0.01391600,0.01392600,0.01393200,0.01393500,0.01393700
6.127820,0.01478400,0.01404900,0.01405600,0.01407800,0.01409000,0.01409500,0.01409900,0.01410100
6.165413,0.01497200,0.01421600,0.01422300,0.01424500,0.01425700,0.01426300,0.01426600,0.01426800
6.203007,0.01516600,0.01438700,0.01439400,0.01441700,0.01442800,0.01443500,0.01443800,0.01444000
6.240601,0.01536500,0.01456300,0.01456900,0.01459200,0.01460500,0.01461100,0.01461400,0.01461700
6.278195,0.01557000,0.01474400,0.01474900,0.01477300,0.01478500,0.01479200,0.01479600,0.01479800
6.315789,0.01578100,0.01492900,0.01493300,0.01495800,0.01497100,0.01497800,0.01498200,0.01498400
6.353383,0.01599800,0.01511900,0.01512300,0.01514900,0.01516200,0.01516900,0.01517300,0.01517500
6.390977,0.01622200,0.01531500,0.01531800,0.01534400,0.01535800,0.01536500,0.01536900,0.01537100
6.428571,0.01645300,0.01551600,0.01551800,0.01554500,0.01555900,0.01556700,0.01557100,0.01557300
6.466165,0.01669000,0.01572300,0.01572400,0.01575200,0.01576600,0.01577400,0.01577800,0.01578100
6.503759,0.01693600,0.01593600,0.01593600,0.01596400,0.01597900,0.01598700,0.01599200,0.01599400
6.541353,0.01718900,0.01615500,0.01615400,0.01618300,0.01619900,0.01620700,0.01621100,0.01621400
6.578947,0.01745100,0.01638000,0.01637800,0.01640800,0.01642400,0.01643300,0.01643700,0.01644000
6.616541,0.01772100,0.01661200,0.01660900,0.01664000,0.01665700,0.01666500,0.01667000,0.01667300
6.654135,0.01800000,0.01685200,0.01684700,0.01687900,0.01689600,0.01690500,0.01691000,0.01691300
6.691729,0.01828900,0.01709800,0.01709200,0.01712500,0.01714300,0.01715200,0.01715700,0.01716000
6.729323,0.01858800,0.01735300,0.01734500,0.01737900,0.01739700,0.01740700,0.01741200,0.01741500
6.766917,0.01889800,0.01761500,0.01760600,0.01764000,0.01765900,0.01766900,0.01767500,0.01767800
6.804511,0.01921900,0.01788600,0.01787500,0.01791000,0.01793000,0.01794000,0.01794600,0.01795000
6.842104,0.01955200,0.01816600,0.01815200,0.01818900,0.01821000,0.01822000,0.01822600,0.01823000
6.879699,0.01989700,0.01845500,0.01843900,0.01847700,0.01849800,0.01850900,0.01851600,0.01851900
6.917293,0.02025600,0.01875400,0.01873600,0.01877500,0.01879700,0.01880800,0.01881500,0.01881900
6.954887,0.02062900,0.01906300,0.01904200,0.01908200,0.01910500,0.01911700,0.01912400,0.01912800
6.992481,0.02101700,0.01938400,0.01935900,0.01940100,0.01942400,0.01943700,0.01944400,0.01944800
7.030074,0.02142100,0.01971500,0.01968700,0.01973000,0.01975500,0.01976800,0.01977500,0.01977900
7.067669,0.02184200,0.02005900,0.02002700,0.02007100,0.02009700,0.02011000,0.02011800,0.02012300
7.105263,0.02228100,0.02041600,0.02037900,0.02042500,0.02045100,0.02046600,0.02047400,0.02047900
7.142857,0.02274000,0.02078600,0.02074400,0.02079100,0.02081900,0.02083400,0.02084300,0.02084800
7.180451,0.02321900,0.02117000,0.02112300,0.02117200,0.02120100,0.02121700,0.02122600,0.02123100
7.218045,0.02372100,0.02157000,0.02151700,0.02156700,0.02159800,0.02161400,0.02162300,0.02162900
7.255639,0.02424700,0.02198600,0.02192600,0.02197800,0.02201000,0.02202700,0.02203700,0.02204200
7.293232,0.02479900,0.02241900,0.02235100,0.02240500,0.02243900,0.02245600,0.02246700,0.02247300
7.330826,0.02537800,0.02287100,0.02279400,0.02285000,0.02288500,0.02290400,0.02291500,0.02292100
7.368421,0.02598900,0.02334200,0.02325600,0.02331400,0.02335000,0.02337000,0.02338100,0.02338800
7.406014,0.02663200,0.02383400,0.02373700,0.02379700,0.02383500,0.02385600,0.02386800,0.02387500
7.443608,0.02731100,0.02434900,0.02424000,0.02430100,0.02434200,0.02436400,0.02437600,0.02438400
7.481203,0.02803000,0.02488800,0.02476500,0.02482900,0.02487100,0.02489400,0.02490800,0.02491600
7.518797,0.02879200,0.02545300,0.02531500,0.02538000,0.02542500,0.02544900,0.02546300,0.02547200
7.556391,0.02960100,0.02604700,0.02589000,0.02595800,0.02600500,0.02603100,0.02604600,0.02605500
7.593984,0.03046300,0.02667100,0.02649400,0.02656300,0.02661300,0.02664000,0.02665700,0.02666600
7.631578,0.03138200,0.02732900,0.02712800,0.02719900,0.02725100,0.02728100,0.02729800,0.02730800
7.669173,0.03236700,0.02802200,0.02779500,0.02786800,0.02792300,0.02795400,0.02797300,0.02798400
7.706767,0.03342300,0.02875600,0.02849800,0.02857200,0.02863000,0.02866400,0.02868300,0.02869500
7.744360,0.03456100,0.02953300,0.02923900,0.02931400,0.02937600,0.02941200,0.02943300,0.02944600
7.781955,0.03579100,0.03035800,0.03002300,0.03009900,0.03016500,0.03020300,0.03022500,0.03023900
7.819549,0.03712400,0.03123700,0.03085300,0.03092900,0.03099900,0.03104000,0.03106400,0.03107900
7.857142,0.03857700,0.03217500,0.03173400,0.03181000,0.03188400,0.03192800,0.03195400,0.03197000
7.894736,0.04016700,0.03318000,0.03267100,0.03274600,0.03282400,0.03287200,0.03290000,0.03291800
7.932330,0.04191500,0.03426000,0.03367100,0.03374300,0.03382600,0.03387800,0.03390900,0.03392700
7.969924,0.04384900,0.03542500,0.03474100,0.03480800,0.03489700,0.03495200,0.03498600,0.03500700
8.007519,0.04600000,0.03668800,0.03588900,0.03594900,0.03604300,0.03610400,0.03614100,0.03616300
8.045113,0.04841100,0.03806300,0.03712600,0.03717400,0.03727400,0.03734000,0.03738100,0.03740600
8.082706,0.05113100,0.03956800,0.03846300,0.03849600,0.03860200,0.03867400,0.03871900,0.03874600
8.120299,0.05422800,0.04122700,0.03991600,0.03992700,0.04003800,0.04011700,0.04016700,0.04019700
8.157894,0.05778700,0.04306800,0.04150200,0.04148300,0.04159900,0.04168500,0.04174000,0.04177400
8.195488,0.06191800,0.04513000,0.04324400,0.04318300,0.04330300,0.04339800,0.04345900,0.04349700
8.233082,0.06677400,0.04746000,0.04517100,0.04505100,0.04517300,0.04527700,0.04534600,0.04538900
8.270677,0.07255500,0.05012500,0.04732000,0.04711700,0.04723700,0.04735100,0.04742900,0.04747900
8.308270,0.07954400,0.05321400,0.04973900,0.04941900,0.04953300,0.04965700,0.04974500,0.04980200
8.345864,0.08814000,0.05684900,0.05249400,0.05200900,0.05210600,0.05224100,0.05234100,0.05240700
8.383458,0.09892000,0.06121000,0.05567700,0.05495300,0.05501700,0.05516200,0.05527600,0.05535300
8.421052,0.11274300,0.06655800,0.05941600,0.05834400,0.05835000,0.05850100,0.05863100,0.05872200
8.458646,0.13092900,0.07328700,0.06390300,0.06231300,0.06221700,0.06236600,0.06251400,0.06262200
8.496240,0.15556200,0.08201800,0.06942800,0.06705300,0.06678000,0.06691200,0.06707800,0.06720700
8.533834,0.19004100,0.09375500,0.07645200,0.07285500,0.07227600,0.07235800,0.07254000,0.07269600
8.571428,0.24006800,0.11017300,0.08572800,0.08018100,0.07906900,0.07903800,0.07922600,0.07941300
8.609021,0.31527400,0.13408800,0.09850400,0.08977500,0.08772600,0.08746000,0.08763100,0.08785600
8.646616,0.43112000,0.17003800,0.11677100,0.10280000,0.09912100,0.09841100,0.09852300,0.09879800
8.684210,0.60609500,0.22357300,0.14297400,0.12071400,0.11440600,0.11298400,0.11302500,0.11340900
8.721804,0.83192000,0.29297500,0.17653100,0.14352300,0.13406600,0.13208900,0.13239100,0.13319200
8.759398,0.99416800,0.34596600,0.20402500,0.16481300,0.15517200,0.15489200,0.15710600,0.15941500
8.796992,0.93089800,0.33350300,0.20502200,0.17483600,0.17339200,0.18030500,0.18786800,0.19339800
8.834586,0.71613000,0.27454100,0.18786800,0.17902000,0.19406100,0.21393900,0.22893800,0.23660300
8.872180,0.51658400,0.21936500,0.17433300,0.19042100,0.22817900,0.26339900,0.27995400,0.28264300
8.909773,0.37969200,0.18342600,0.17177300,0.21603200,0.28346500,0.32384000,0.32662500,0.32082900
8.947368,0.29251200,0.16333300,0.18004200,0.26112200,0.35865100,0.37205600,0.36125700,0.34931900
8.984962,0.23708200,0.15394600,0.19902800,0.33309800,0.42630800,0.40206900,0.38710100,0.37106000
9.022555,0.20126800,0.15191100,0.23071200,0.43590300,0.45254200,0.42935600,0.40430700,0.39344900
9.060150,0.17782800,0.15546000,0.28008400,0.54285600,0.46337300,0.44880100,0.41877600,0.42532700
9.097744,0.16249900,0.16389400,0.35644400,0.58253300,0.49154200,0.45909800,0.43608000,0.47228800
9.135338,0.15273100,0.17728700,0.47417200,0.54725800,0.51915400,0.46854100,0.46596400,0.52160900
9.172933,0.14696200,0.19640300,0.64472700,0.51755300,0.52859600,0.47664900,0.51672900,0.53848700
9.210526,0.14422600,0.22280700,0.83405800,0.53783100,0.53262100,0.48749000,0.58414200,0.52193200
9.248120,0.14391800,0.25920200,0.91114400,0.59415300,0.54308900,0.51879400,0.63075200,0.51262700
9.285713,0.14567500,0.31008800,0.80858200,0.63447900,0.55187000,0.57462400,0.61726300,0.53783300
9.323307,0.14929700,0.38301000,0.65563700,0.63660900,0.54334300,0.65867900,0.57421700,0.59317400
9.360902,0.15470500,0.49078300,0.55362900,0.62557400,0.53780300,0.74836900,0.54885500,0.65440400
9.398496,0.16192200,0.65493800,0.51824900,0.63212200,0.56477700,0.77353900,0.56363600,0.70176000
9.436090,0.17106300,0.90814200,0.54488400,0.66330600,0.61789400,0.71974700,0.61634500,0.72571200
9.473684,0.18233500,1.27838900,0.63020800,0.69604000,0.69236200,0.64693300,0.68203800,0.73862000
9.511277,0.19605300,1.69751300,0.75059300,0.69060200,0.80649200,0.59992200,0.75077300,0.74409400
9.548872,0.21266100,1.87199900,0.83090700,0.63788000,0.93156700,0.59356100,0.81187000,0.72438900
9.586466,0.23276900,1.61588000,0.82728900,0.59721900,0.98930800,0.63390200,0.84251900,0.68955500
9.624060,0.25721700,1.20633000,0.78247500,0.60910300,0.94425100,0.69670000,0.85462400,0.67992700
9.661654,0.28715700,0.88279400,0.73303900,0.67169300,0.83566100,0.74913900,0.87195700,0.71841100
9.699247,0.32419800,0.67429500,0.72481300,0.75401700,0.73626200,0.81432700,0.86789000,0.79829600
9.736841,0.37061900,0.54825300,0.78844900,0.84098800,0.67738300,0.91080600,0.81691900,0.88459900
9.774436,0.42971700,0.47585600,0.91004900,0.95040200,0.65818200,0.99886700,0.75543500,0.93136500
9.812029,0.50637800,0.43993900,1.03219200,1.05399000,0.69002300,1.03544900,0.73250400,0.92590200
9.849624,0.60805000,0.43206100,1.07009800,1.13996300,0.76409600,1.04607900,0.76103500,0.90491300
9.887218,0.74641900,0.45004700,0.97053300,1.23669900,0.82005900,1.07026900,0.83357500,0.90992800
9.924811,0.94042500,0.49728700,0.82588500,1.27762300,0.82171300,1.06901000,0.93690100,0.94023500
9.962406,1.22163400,0.58355900,0.73578600,1.19702700,0.83513100,1.00415500,1.04105600,0.96954400
9.999999,1.64344400,0.72556500,0.72446500,1.03785400,0.92158100,0.90245200,1.11393500,0.98151600
10.037590,2.29357100,0.93730400,0.79492900,0.90231900,1.08278600,0.83146800,1.12660100,1.00294600
10.075190,3.29034100,1.18121500,0.95456400,0.83382300,1.27452800,0.82731300,1.10219100,1.05371000
10.112780,4.65890600,1.31672000,1.18913000,0.81316000,1.41563300,0.87542700,1.09236000,1.11786900
10.150380,5.88271500,1.27017500,1.38423800,0.84071100,1.44644500,0.94090600,1.10463600,1.17372700
10.187970,5.85369800,1.13264800,1.36749200,0.93667700,1.41352500,0.99945700,1.11412900,1.19127900
10.225560,4.61664300,0.99119800,1.18581700,1.06819700,1.35992500,1.07362400,1.10873200,1.15484300
10.263160,3.28184000,0.91035800,1.02626100,1.11821000,1.29591300,1.21784200,1.09685300,1.10313200
10.300750,2.32696100,0.91477400,0.96923800,1.04908000,1.22351100,1.41340400,1.12283100,1.09611800
10.338350,1.71563600,1.01065300,1.02520400,0.98109000,1.12927600,1.55115300,1.19864000,1.13245100
10.375940,1.33110800,1.21554100,1.20195500,0.99926300,1.05069400,1.57115200,1.29143100,1.18962200
10.413530,1.08914800,1.56644500,1.49908400,1.12022700,1.05015600,1.51249000,1.39051000,1.27060900
10.451130,0.93988500,2.09429500,1.82695500,1.31655400,1.14346700,1.42450900,1.51108100,1.38278100
10.488720,0.85575700,2.70711300,1.97826000,1.51940200,1.26997200,1.35445600,1.62179600,1.52083600
10.526310,0.82311400,3.11182500,1.86855700,1.70695600,1.32163700,1.32537200,1.64494800,1.62828100
10.563910,0.83811300,3.23240100,1.65773800,1.89666100,1.31406900,1.35539200,1.57461100,1.69011200
10.601500,0.90575800,3.22040900,1.54914700,2.05498600,1.34308300,1.44514500,1.48388100,1.75780600
10.639100,1.04179100,2.92224000,1.62101000,2.14354400,1.43168000,1.54703800,1.44336200,1.79961400
10.676690,1.27767700,2.38924300,1.86475800,2.19874400,1.61650000,1.63076000,1.48662900,1.77127900
10.714280,1.66746600,1.95605700,2.21229900,2.24169400,1.96518600,1.69236900,1.60867500,1.72441200
10.751880,2.28109300,1.75940800,2.53128500,2.24374300,2.43675100,1.79163600,1.76684000,1.71336300
10.789470,3.10887200,1.76888400,2.70331800,2.19173200,2.77453100,2.03095000,1.94736200,1.77127100
10.827070,3.76931000,1.83353700,2.59869900,2.12305500,2.75319600,2.39073100,2.17590600,1.92535100
10.864660,3.61121600,1.72957200,2.17806900,2.08779800,2.49629500,2.69282300,2.43897200,2.15111600
10.902250,2.80678600,1.48138500,1.69013900,2.02490200,2.21635300,2.74537200,2.65875000,2.38169700
10.939850,2.01461100,1.28234100,1.32656700,1.83743600,1.98660800,2.55218000,2.75549200,2.59120700
10.977440,1.46069300,1.18956200,1.10566400,1.62695600,1.84573600,2.34161900,2.76667900,2.74261900
11.015040,1.10611500,1.12709800,0.99261100,1.53646700,1.86691600,2.29476700,2.70132500,2.75444200
11.052630,0.88131700,1.00897900,0.96010600,1.59528600,2.08677800,2.36870400,2.52877700,2.63259400
11.090220,0.73840300,0.87174000,0.99729800,1.76293900,2.47615400,2.41861700,2.33891300,2.45027800
11.127820,0.64935100,0.77601600,1.10879000,2.01564600,2.85282400,2.40571600,2.21116900,2.29671800
11.165410,0.59892500,0.73269800,1.31455500,2.41537100,2.98285800,2.39221800,2.13755800,2.18613800
11.203010,0.58004500,0.73538400,1.64667300,2.91967800,2.83183800,2.33733400,2.05684000,2.12172800
11.240600,0.59148600,0.78114700,2.12343200,3.22543500,2.59009900,2.20696900,1.95858900,2.12485800
11.278190,0.63594700,0.87510900,2.70918500,3.17005800,2.44986900,2.07640200,1.94413300,2.16807200
11.315790,0.71361700,1.03272300,3.36676100,2.98342700,2.37318000,1.98430000,2.07243000,2.23817200
11.353380,0.81031200,1.28393000,4.02049100,2.86264800,2.25308200,1.97908200,2.28493500,2.34918200
11.390980,0.92008900,1.67722100,4.39156600,2.90139900,2.07750000,2.09991800,2.46944600,2.45315600
11.428570,1.08974500,2.26407600,4.23910500,3.00467800,1.96069700,2.33222700,2.55783500,2.45990800
11.466160,1.37077800,2.99600800,3.74174800,2.95408300,1.96441700,2.56155900,2.55926000,2.35929300
11.503760,1.72256600,3.55247500,3.27270200,2.69828000,1.99508000,2.65471900,2.51075300,2.23439700
11.541350,1.90253900,3.59659500,2.99030400,2.31356400,1.95111900,2.54351400,2.43455300,2.15589200
11.578950,1.71406100,3.33982100,2.71341800,1.90336800,1.88639300,2.27801500,2.30187700,2.14672300
11.616540,1.37398100,3.27027700,2.32021700,1.55141900,1.93833100,2.02032700,2.10287900,2.15765200
11.654130,1.11079400,3.57358900,1.98644300,1.30001300,2.12991600,1.89941900,1.90764200,2.08740400
11.691730,0.96389400,3.97279300,1.85455000,1.15885600,2.29570800,1.93054900,1.79322500,1.96331200
11.729320,0.91116300,3.83532300,1.94412700,1.12310700,2.26456400,2.00143200,1.78413600,1.89097300
11.766920,0.93504600,3.11455800,2.18003900,1.18749000,2.05367600,1.99665800,1.85377800,1.87354400
11.804510,1.03385500,2.37569000,2.31174800,1.35472200,1.78512800,1.89568000,1.89662200,1.85977300
11.842100,1.22358100,1.88007300,2.13327400,1.63574700,1.59505100,1.76933600,1.84629500,1.85138100
11.879700,1.54268900,1.61823700,1.80779200,1.99354800,1.53827900,1.70547800,1.78842600,1.87612300
11.917290,2.06079200,1.54519800,1.51973900,2.27580200,1.61339600,1.75867900,1.83463800,1.91802000
11.954890,2.87456900,1.64776600,1.34379900,2.34736500,1.77725400,1.90030600,1.99565600,1.93512400
11.992480,4.00362500,1.94162300,1.29588000,2.17531300,1.95479400,1.97457300,2.13052900,1.92766000
12.030070,5.01531300,2.40558100,1.30702000,1.87324900,2.11477800,1.91414300,2.12658100,1.89727300
12.067670,4.98184600,2.79478000,1.24072700,1.65465000,2.23109700,1.82590400,2.02120900,1.84642900
12.105260,3.93976600,2.69985900,1.08172900,1.56866200,2.26234700,1.77340700,1.90246800,1.79895700
12.142860,2.81841300,2.22802300,0.94078500,1.50874800,2.24591600,1.77071200,1.77282200,1.76426900
12.180450,2.01882600,1.79799500,0.87225400,1.42203700,2.17972700,1.82045600,1.59092300,1.71601500
12.218040,1.51265200,1.56679400,0.88122900,1.39099500,1.99928400,1.92926900,1.43669400,1.63441700
12.255640,1.20586300,1.53588400,0.97158700,1.45321800,1.72192300,2.02581300,1.38453800,1.59067200
12.293230,1.03419400,1.69188100,1.15967300,1.58330100,1.48353100,1.98912800,1.41378500,1.60117700
12.330830,0.96332200,1.99409200,1.47089600,1.81439300,1.34885800,1.84705900,1.47743100,1.62921600
12.368420,0.96481400,2.29442400,1.89016700,2.17458300,1.27539600,1.65887100,1.53188600,1.67656200
12.406010,0.96975400,2.42466200,2.20531800,2.49549400,1.22372800,1.45575600,1.55142900,1.75046300
12.443610,0.88643300,2.27970800,2.10485900,2.54661500,1.19387800,1.28044100,1.56711900,1.80309100
12.481200,0.73955800,1.86534300,1.72744000,2.37466000,1.19989800,1.14179500,1.60810000,1.75950300
12.518800,0.60929800,1.42690600,1.40276800,2.12118600,1.25568300,1.06675700,1.64993800,1.62652600
12.556390,0.51914700,1.11571900,1.23782400,1.84047400,1.34314900,1.07750300,1.67097700,1.47555500
12.593980,0.46172700,0.93244000,1.22780800,1.56904300,1.47316800,1.16695600,1.66161500,1.37022600
12.631580,0.42721700,0.84078500,1.35611500,1.35010100,1.66828100,1.32332900,1.61788600,1.32459800
12.669170,0.40920700,0.79601800,1.58265100,1.16592600,1.81077500,1.51039300,1.55301000,1.30464200
12.706770,0.40427200,0.75463600,1.81379500,1.01191900,1.77344100,1.62919100,1.49878400,1.27671700
12.744360,0.41109900,0.72177700,1.92305400,0.89284100,1.69102300,1.64738100,1.49815200,1.24556900
12.781950,0.43003300,0.73078000,1.80483400,0.80183600,1.66654100,1.62888500,1.54741100,1.24423700
12.819550,0.46308600,0.80389100,1.54431400,0.74021900,1.59562700,1.61892000,1.57293700,1.27275300
12.857140,0.51438800,0.96316600,1.31750700,0.71851800,1.41927900,1.62173800,1.49859000,1.28400100
12.894740,0.59099900,1.23462400,1.21503900,0.73727700,1.25349700,1.56083000,1.34782100,1.27404600
12.932330,0.70313100,1.59643400,1.25879000,0.79843000,1.18189500,1.38593300,1.18510000,1.28406900
12.969920,0.85922700,1.84600000,1.45723000,0.89246100,1.16753700,1.19928200,1.07267600,1.32617700
13.007520,1.05097400,1.72457600,1.77372200,0.99514400,1.14229700,1.09193100,1.04442600,1.40966400
13.045110,1.25053100,1.37646000,2.00379100,1.13048700,1.11827100,1.07724200,1.07045500,1.51697500
13.082710,1.45224000,1.07627800,1.88859900,1.34594700,1.14152400,1.11042400,1.09922900,1.55148600
13.120300,1.73592200,0.89745000,1.55380800,1.61433200,1.23279700,1.12660800,1.11563000,1.47529500
13.157890,2.23160300,0.79692200,1.27666900,1.87388800,1.36154100,1.15059200,1.10346100,1.35631300
13.195490,3.05391500,0.70036600,1.14957200,2.05950400,1.41241600,1.23251300,1.07395500,1.24602200
13.233080,4.19764600,0.58914000,1.15440400,2.00973600,1.32452500,1.32872600,1.08077300,1.18043100
13.270670,5.15429900,0.49635000,1.20462500,1.71334200,1.17024000,1.35930400,1.11430900,1.15407400
13.308270,4.99458900,0.43501900,1.16736300,1.39124500,1.01069700,1.32133600,1.13547600,1.13316100
13.345860,3.89227000,0.40048800,1.04737000,1.18437200,0.88216100,1.29125800,1.16266600,1.10000200
13.383460,2.77977500,0.38695300,0.95040100,1.10778200,0.82416000,1.31327900,1.22096500,1.04888200
13.421050,2.00250400,0.39153300,0.89869100,1.14156200,0.84030100,1.32581800,1.29175300,1.00274700
13.458640,1.51464300,0.41311100,0.83519500,1.24168200,0.88912600,1.26685200,1.32393100,0.97876400
13.496240,1.22070000,0.44860500,0.74245900,1.31153900,0.91079400,1.12294200,1.29718400,0.96534200
13.533830,1.05535200,0.49444300,0.65979500,1.22508800,0.90950100,0.94893000,1.21254500,0.94979800
13.571430,0.98009000,0.55928900,0.60179800,1.02413500,0.93648200,0.81610000,1.11400800,0.91654100
13.609020,0.97784300,0.65438500,0.57706700,0.84868000,0.99502700,0.74294900,1.04644500,0.87397300
13.646620,1.06020900,0.76838000,0.59687900,0.75388800,1.02646800,0.72829400,0.99244800,0.86242300
13.684210,1.25843900,0.88535100,0.67190700,0.72559000,1.01775000,0.75977900,0.94705300,0.89707600
13.721800,1.59001800,1.04714400,0.81544000,0.71288500,1.03120100,0.81266200,0.93938900,0.95028800
13.759400,1.94953100,1.32916200,1.02797900,0.67174800,1.07561300,0.86726100,0.96977300,0.99249800
13.796990,2.01363500,1.79770300,1.25815600,0.62729000,1.14795700,0.89570700,0.99003100,1.02823400
13.834590,1.67002600,2.45813100,1.42316900,0.62534600,1.27868500,0.87236100,0.97048300,1.07847400
13.872180,1.23123600,3.05782200,1.46519300,0.68617200,1.41446300,0.82623500,0.91481400,1.12772300
13.909770,0.89610900,3.08516000,1.33868700,0.80811900,1.39395100,0.80563000,0.83642700,1.11770000
13.947370,0.67301400,2.50393100,1.13621100,0.94002700,1.21623000,0.83338400,0.77629900,1.04285300
13.984960,0.52633300,1.81408000,0.96743500,0.97899500,1.04782900,0.90212600,0.75187800,0.95274700
14.022560,0.42732000,1.29871600,0.82146900,0.89819900,0.95843100,0.96394200,0.73206800,0.86664600
14.060150,0.35813500,0.96382400,0.67622800,0.77626800,0.89781500,0.97351400,0.69225000,0.79700800
14.097740,0.30816300,0.75237600,0.55777000,0.69795700,0.79684000,0.93558700,0.65882300,0.75735100
14.135340,0.27103600,0.61973100,0.48378300,0.69539600,0.67323200,0.89008600,0.65835900,0.75198800
14.172930,0.24281600,0.53942200,0.44905000,0.76200800,0.56935900,0.86674700,0.70042900,0.75610800
14.210530,0.22099500,0.49777300,0.43769700,0.84820800,0.49377200,0.86454900,0.77756000,0.72997600
14.248120,0.20393100,0.49001400,0.42991000,0.87958600,0.45037200,0.84282000,0.84860100,0.67699900
14.285710,0.19052900,0.51883400,0.42603400,0.84764500,0.43684200,0.79615800,0.84885500,0.62359800
14.323310,0.18004200,0.59397000,0.44421100,0.76688600,0.44702200,0.77665000,0.79984600,0.59068000
14.360900,0.17197000,0.72590700,0.49912500,0.67145400,0.47989900,0.80830300,0.77906400,0.59489400
14.398490,0.16598900,0.89118000,0.60550200,0.61012700,0.53348400,0.84751600,0.79272400,0.63727600
14.436090,0.16191300,0.97710200,0.77996100,0.59204100,0.60154800,0.83289700,0.79417000,0.68983200
14.473680,0.15968200,0.89389200,1.01086100,0.61193900,0.68104500,0.75620400,0.76936400,0.71209200
14.511280,0.15935900,0.72908700,1.18244000,0.67421900,0.76258100,0.64577400,0.72711900,0.69890700
14.548870,0.16116400,0.58272200,1.12948300,0.75767700,0.80319300,0.54656500,0.66606000,0.67408700
14.586460,0.16551900,0.48106400,0.91741200,0.77951400,0.77140100,0.48658300,0.60625000,0.66621400
14.624060,0.17316200,0.42334300,0.72342200,0.71605100,0.68190700,0.46613900,0.57322600,0.68182600
14.661650,0.18533100,0.40497700,0.60218200,0.65621200,0.57812800,0.47569200,0.56969700,0.70352500
14.699250,0.20411500,0.42367100,0.53562100,0.65430800,0.50516600,0.49484000,0.58054300,0.69982200
14.736840,0.23307500,0.47698500,0.50747100,0.69304900,0.47604100,0.49413700,0.58466000,0.65512700
14.774440,0.27823100,0.54558900,0.52155700,0.71242500,0.47654900,0.47763700,0.56729900,0.59068600
14.812030,0.34893000,0.58769600,0.58216900,0.69695400,0.48327800,0.47250800,0.53544200,0.53663400
14.849620,0.45435200,0.56705500,0.67859900,0.68317400,0.49530400,0.48926900,0.51251400,0.50109500
14.887220,0.58001900,0.48351400,0.78762800,0.64746500,0.52633300,0.52022800,0.50387600,0.48341900
14.924810,0.64564000,0.39045300,0.86858900,0.56258400,0.57835700,0.54450400,0.50090400,0.48369300
14.962400,0.58277700,0.32307800,0.83635700,0.47495200,0.62772500,0.54977800,0.48364400,0.49224900
15.000000,0.46315200,0.28238100,0.70276200,0.42091200,0.64935000,0.54303300,0.45566000,0.48465300
15.037590,0.36552300,0.25978600,0.57255100,0.39840400,0.66291200,0.54327300,0.43979200,0.45389800
15.075190,0.30342200,0.24687800,0.48311100,0.39046200,0.67356700,0.54540700,0.43924400,0.42552400
15.112780,0.26795900,0.24086000,0.42435900,0.37923800,0.64249600,0.52643700,0.45366600,0.42035100
15.150370,0.25055400,0.24410300,0.39239000,0.35631500,0.56522500,0.48638500,0.48311700,0.43479600
15.187970,0.24625900,0.25945800,0.38475200,0.33416100,0.48751600,0.44440500,0.50764000,0.45356700
15.225560,0.25309700,0.29075200,0.39162800,0.32373100,0.44062400,0.41446500,0.51385000,0.46955000
15.263160,0.27145700,0.34355600,0.41103600,0.32941400,0.42787400,0.40644500,0.50648200,0.48277900
15.300750,0.30417900,0.41920400,0.45141300,0.35196600,0.43880500,0.42367500,0.49485900,0.49541900
15.338350,0.35738700,0.49336400,0.50247200,0.38676600,0.46048400,0.46253500,0.49546800,0.51066500
15.375940,0.44195600,0.51168700,0.53389100,0.43174500,0.48619800,0.52050900,0.51192500,0.53172700
15.413530,0.57334500,0.46838700,0.54907000,0.49494600,0.52059600,0.59479700,0.54706900,0.56024200
15.451130,0.75717100,0.42106700,0.57911200,0.58643800,0.57036700,0.67099600,0.60023000,0.60237800
15.488720,0.93261900,0.40524600,0.61947700,0.69841900,0.62335500,0.72866600,0.64934900,0.66322900
15.526320,0.95231800,0.42855200,0.64235900,0.81622900,0.66563900,0.75476500,0.68075500,0.73176900
15.563910,0.80485100,0.49353700,0.64921800,0.91529600,0.69968300,0.76670400,0.70596700,0.78747400
15.601500,0.63784300,0.59233300,0.68001400,0.93907600,0.73402700,0.80062500,0.73107400,0.81980200
15.639100,0.52347600,0.67105500,0.77069500,0.90073600,0.75791000,0.86007100,0.76886200,0.83390700
15.676690,0.46034600,0.65443100,0.89927500,0.87950300,0.76393900,0.90699900,0.82407400,0.84801200
15.714280,0.43424000,0.57538200,0.95616600,0.91867000,0.77500900,0.91603000,0.87426400,0.86539000
15.751880,0.43565100,0.51221600,0.88204800,0.99582000,0.80892100,0.91001300,0.90846300,0.88529500
15.789470,0.46082700,0.49065300,0.77921600,1.03452300,0.85428200,0.90517600,0.94899000,0.90027600
15.827070,0.51085000,0.51103100,0.71915200,1.02794900,0.90301700,0.90689800,1.00281500,0.89281800
15.864660,0.59169900,0.57507200,0.68518800,1.05110400,0.93630500,0.92430000,1.05816300,0.88101000
15.902260,0.71587400,0.69005400,0.66738200,1.10257600,0.95061100,0.95300400,1.08287300,0.89899400
15.939850,0.90607000,0.85423600,0.69459300,1.08871900,0.96778000,0.96658900,1.05038000,0.94837400
15.977440,1.20133900,1.01771500,0.78864200,1.00336200,1.00459400,0.93592000,0.99598200,1.00495200
16.015040,1.66101300,1.11072900,0.94263400,0.93709800,1.04271500,0.89054500,0.97838500,1.04571900
16.052630,2.33405200,1.18676300,1.09395000,0.92886400,1.08476900,0.88112200,1.00679600,1.06965200
16.090230,3.08799300,1.34268400,1.16215400,0.96552300,1.17575900,0.91608200,1.03213100,1.08890100
16.127820,3.38210200,1.55150200,1.13142300,1.00705300,1.29739900,0.97813900,1.02296900,1.10639900
16.165410,2.90083600,1.65763200,1.03369600,1.04454000,1.34045200,1.05715400,1.00906900,1.12969200
16.203010,2.15974200,1.59228900,0.95273300,1.11439200,1.24731000,1.13334700,1.01621000,1.15637300
16.240600,1.58167100,1.51927500,0.93646500,1.18485700,1.11896000,1.19593000,1.04064300,1.15844000
16.278190,1.21355200,1.59635000,0.97042500,1.17958400,1.06271900,1.25596100,1.08023600,1.13485200
16.315790,0.99694700,1.86770100,1.04054700,1.11930600,1.10438400,1.31902000,1.14545400,1.13856300
16.353380,0.88211600,2.24616300,1.13535300,1.08823200,1.23208800,1.38383900,1.24787900,1.20760600
16.390980,0.84163700,2.43512900,1.25443700,1.12852000,1.40297400,1.43641100,1.37988400,1.33659900
16.428570,0.86601900,2.27248000,1.46198900,1.25517500,1.57785700,1.53365600,1.55921900,1.51511600
16.466160,0.96083600,2.03394100,1.80314800,1.48924600,1.76737700,1.74722200,1.81924200,1.74232900
16.503760,1.14702100,1.95750500,2.20048700,1.80751500,1.98768700,2.05304700,2.11649000,1.98758100
16.541350,1.45744500,2.07409500,2.47753000,2.11759300,2.19875600,2.33953200,2.35191600,2.20873300
16.578950,1.90093500,2.33907600,2.61916400,2.35029600,2.32061600,2.51771000,2.47886300,2.38941200
16.616540,2.36606400,2.59088800,2.78804800,2.47684500,2.34695800,2.55612000,2.53210700,2.52670000
16.654130,2.67789000,2.61726300,2.96509400,2.50301800,2.31837000,2.47127200,2.53234400,2.56660500
16.691730,2.83247500,2.51098100,2.97022700,2.47661300,2.26418300,2.32332200,2.44575400,2.48260100
16.729320,2.82692500,2.43130700,2.78884500,2.46488100,2.19736500,2.16657900,2.29055600,2.34414400
16.766920,2.57391700,2.34427700,2.52212700,2.48726300,2.12626700,2.02559400,2.13604200,2.20608300
16.804510,2.07079600,2.24094800,2.28628800,2.46933700,2.08336200,1.91024400,2.00061700,2.08020300
16.842100,1.55968200,2.03652700,2.12536500,2.32199500,2.06555000,1.86495400,1.86945300,1.96032800
16.879700,1.19138400,1.68803200,1.99198800,2.06745200,2.01137200,1.87885300,1.78354600,1.84068500
16.917290,0.95933300,1.34010000,1.80416800,1.82875300,1.91679000,1.86027400,1.76184200,1.74587800
16.954890,0.82319700,1.06859400,1.53436600,1.69212700,1.81630500,1.79569300,1.76771800,1.70007300
16.992480,0.75394000,0.87220700,1.27567500,1.61373100,1.72529900,1.73874300,1.74490100,1.68716000
17.030080,0.73705800,0.74391700,1.11209000,1.50176600,1.67252400,1.70000700,1.67868800,1.65667700
17.067670,0.76980400,0.67147100,1.04241100,1.39873900,1.63164800,1.64904500,1.59188400,1.57805600
17.105260,0.86056700,0.64399600,1.03041800,1.38646100,1.55001200,1.57516500,1.51501400,1.49694700
17.142850,1.03120000,0.65785800,1.06357900,1.44076200,1.47046500,1.47752600,1.45171500,1.45072200
17.180450,1.31969900,0.71774400,1.15940500,1.45524100,1.40896000,1.37527900,1.39177100,1.41569400
17.218040,1.76473700,0.83494000,1.30369800,1.39744700,1.33739700,1.30233300,1.34364200,1.36928400
17.255640,2.30692600,1.01305800,1.44144100,1.34633200,1.27977100,1.27896800,1.32184600,1.34065500
17.293230,2.61242600,1.20947400,1.53836800,1.33622800,1.25833900,1.30219000,1.32627700,1.34387100
17.330830,2.36307300,1.36330800,1.55612200,1.32138100,1.25435400,1.32891400,1.32442000,1.33248900
17.368420,1.82626500,1.52165000,1.47307000,1.29990300,1.27143200,1.30797900,1.28699600,1.26282200
17.406010,1.36754200,1.69468500,1.38357500,1.31227900,1.29177900,1.22737100,1.20777900,1.15496100
17.443610,1.06891900,1.71178400,1.34644800,1.31182000,1.24232100,1.11358300,1.10627300,1.05628400
17.481200,0.89558100,1.50918900,1.32187000,1.25297500,1.11988700,1.00550200,1.02065800,0.98904800
17.518800,0.80978600,1.25568600,1.28503300,1.16158100,0.96980400,0.93192700,0.96499500,0.95981000
17.556390,0.79125800,1.09246100,1.20376000,1.05612500,0.83873000,0.90961000,0.93148000,0.95987900
17.593980,0.83591700,1.04377000,1.11570600,0.92432700,0.76249400,0.93244700,0.91390500,0.97426200
17.631580,0.95355000,1.07441200,1.10006500,0.79200800,0.74627100,0.95267300,0.92124900,0.98350400
17.669170,1.16143900,1.13181400,1.15185900,0.70102100,0.78364800,0.94417500,0.95615600,0.97741100
17.706770,1.45186300,1.22441700,1.19376000,0.66335400,0.86651900,0.94206000,0.99217700,0.97007500
17.744360,1.73817800,1.39348800,1.15697100,0.67826500,0.96273600,0.96891200,1.00982200,0.97069000
17.781950,1.95472500,1.60407400,1.06522300,0.74337300,1.03431600,1.02181400,1.00860500,0.97065600
17.819550,2.17000300,1.77043000,1.00691600,0.84531100,1.09204100,1.08933100,1.00477800,0.96523800
17.857140,2.30904900,1.83197800,0.99677900,0.95250200,1.15585200,1.14330000,1.01001100,0.97531300
17.894740,2.21262300,1.77060700,0.97376000,1.02561400,1.22455600,1.14615600,1.01499100,1.01550900
17.932330,1.97725200,1.64378400,0.90061400,1.05768000,1.26024000,1.11230600,1.02298000,1.07724800
17.969920,1.65726100,1.55445000,0.80599000,1.06696700,1.24695800,1.08721300,1.05132700,1.15640300
18.007520,1.28999100,1.54357800,0.73348100,1.06576000,1.23526700,1.08536500,1.13032300,1.26311700
18.045110,0.98652800,1.55919700,0.70519300,1.09185700,1.25336500,1.11908400,1.27119300,1.36562200
18.082710,0.77861300,1.44432700,0.71280800,1.19788000,1.28578900,1.20011100,1.40803600,1.39411200
18.120300,0.64387500,1.19254800,0.73845900,1.36822000,1.34371600,1.30213500,1.44466700,1.36648400
18.157890,0.55720000,0.95494000,0.78942400,1.50044300,1.43632500,1.35661500,1.42169300,1.34844500
18.195490,0.50181800,0.79528400,0.89268200,1.55564500,1.52821300,1.34570600,1.42315900,1.35173900
18.233080,0.46770200,0.70467000,1.05797800,1.63462100,1.52945300,1.33388900,1.45047900,1.35743900
18.270680,0.44900400,0.66504900,1.25140300,1.79696400,1.42881700,1.35779500,1.46976300,1.35496200
18.308270,0.44241300,0.66620200,1.41246500,1.95561100,1.32716300,1.41420900,1.46995500,1.35541400
18.345860,0.44623400,0.70674300,1.51901100,1.96984000,1.25675400,1.48346400,1.46308800,1.37917000
18.383460,0.45991200,0.79393100,1.61065300,1.83989100,1.20495100,1.55397000,1.44779900,1.42213500
18.421050,0.48384200,0.94355400,1.77636900,1.67355500,1.19235600,1.61392200,1.44548500,1.46422200
18.458640,0.51938700,1.17180000,2.04941400,1.52083000,1.25274000,1.65706600,1.46563300,1.50848900
18.496240,0.56907200,1.45655200,2.29211100,1.39397800,1.36668300,1.67600400,1.47978200,1.57495400
18.533830,0.63704800,1.69313100,2.29161900,1.32723300,1.46856800,1.68500800,1.48182200,1.65022600
18.571430,0.72995400,1.78699900,2.08355600,1.31982400,1.55468800,1.69576300,1.49773600,1.68207900
18.609020,0.85844200,1.76346300,1.89378200,1.33747600,1.66110100,1.68192200,1.54249100,1.67618700
18.646610,1.03994200,1.69759500,1.78729000,1.38862500,1.78332000,1.65317600,1.60404100,1.68258100
18.684210,1.30352600,1.70920700,1.66743800,1.47661600,1.88501000,1.63661700,1.67497600,1.71721100
18.721800,1.69727900,1.89659500,1.54535000,1.56510200,1.94172600,1.66823600,1.75551100,1.78483600
18.759400,2.29321600,2.28117100,1.52385900,1.65799500,1.99149000,1.75956700,1.85075500,1.87326800
18.796990,3.15514600,2.76541000,1.65094200,1.83042000,2.08710900,1.87922300,1.97481500,1.96927500
18.834590,4.17565300,3.15889000,1.91426700,2.11413200,2.23052000,2.02536700,2.16719200,2.09962600
18.872180,4.91957000,3.37304500,2.21735400,2.44834500,2.40924900,2.24675300,2.44817900,2.29774800
18.909770,5.05495000,3.39020700,2.42403400,2.73791600,2.62357500,2.54125800,2.75316800,2.55188600
18.947370,4.70100700,3.31902300,2.55883400,2.96036500,2.88906700,2.86222800,3.00299600,2.82852100
18.984960,4.33573500,3.28733800,2.79140400,3.18310800,3.17886300,3.16840400,3.19437100,3.10516700
19.022560,4.26456700,3.16477000,3.17161200,3.40817000,3.39308900,3.39460800,3.36543300,3.33295300
19.060150,4.18820900,2.87572800,3.60576400,3.59250200,3.47698800,3.51553300,3.50961600,3.46807500
19.097740,3.74666000,2.64123700,3.93132900,3.68254900,3.49745500,3.57648600,3.57517900,3.52834600
19.135340,3.22728900,2.60934000,4.02870500,3.60610300,3.54420300,3.59087200,3.56345300,3.57249400
19.172930,2.97310800,2.69795600,3.95686100,3.45941900,3.60589700,3.55702100,3.53010300,3.61269400
19.210530,2.98324700,2.81852100,3.86725300,3.41423600,3.63849500,3.51364100,3.52731100,3.64002300
19.248120,3.04431600,2.97567100,3.77351500,3.47880100,3.62764300,3.51685300,3.55849800,3.64231000
19.285710,3.08886500,3.10655500,3.67570900,3.57992500,3.59513500,3.56182300,3.57859500,3.62107300
19.323310,3.33581500,3.22730300,3.64531000,3.62118100,3.60014800,3.62408500,3.56973200,3.60227000
19.360900,3.84897900,3.29345400,3.69851700,3.56778900,3.62594500,3.66724800,3.54673600,3.58550800
19.398490,4.20506100,3.16069900,3.82431100,3.53138400,3.58792900,3.58980600,3.50915500,3.52330900
19.436090,3.83631700,2.95372700,3.93441100,3.56227600,3.44148300,3.41828700,3.46277400,3.43404700
19.473680,3.01317800,2.90600500,3.93257800,3.50733300,3.23392400,3.28756100,3.40457600,3.37712400
19.511280,2.29129900,3.03035800,3.73114300,3.28346000,3.09009900,3.25045400,3.31188900,3.31328800
19.548870,1.81941900,3.15228700,3.36631300,2.99615400,3.04247000,3.27436200,3.20113400,3.20755700
19.586470,1.55224000,3.24204600,2.96452200,2.78797200,3.02903800,3.30069900,3.08308600,3.09503600
19.624060,1.43617800,3.47454200,2.60699400,2.69412600,3.02135600,3.25903100,2.94720900,3.01398600
19.661650,1.44730300,3.83690700,2.37513600,2.68641200,3.01990100,3.12021800,2.82820700,2.96132000
19.699250,1.59205100,4.06837500,2.34726800,2.77515900,3.02592600,2.94194300,2.78860700,2.92024100
19.736840,1.90018400,3.96385400,2.52965500,2.93609400,2.98557300,2.80389700,2.80373600,2.89619100
19.774440,2.38044900,3.67473900,2.77108600,3.10729700,2.87628200,2.73775600,2.81852400,2.88016000
19.812030,2.86645200,3.37410700,2.83331800,3.18773400,2.76411900,2.69957200,2.82562500,2.84460500
19.849620,2.96367500,3.02789400,2.69377100,3.11493400,2.69671200,2.67322100,2.83278600,2.76656900
19.887220,2.58419100,2.69608100,2.52886600,2.99846500,2.69602100,2.67091100,2.85558200,2.67516900
19.924810,2.08545500,2.39271000,2.46118500,2.94050200,2.74350800,2.66036200,2.88097900,2.61230600
19.962400,1.72392900,2.08129300,2.55148400,2.93383900,2.76355600,2.62133500,2.85546400,2.59702600
20.000000,1.53484000,1.85051500,2.72940500,2.94864000,2.71059000,2.58270900,2.76584100,2.61667800
