E[1] [eV],Re(eps)_nbnd_30,Re(eps)_nbnd_40,Re(eps)_nbnd_50,Re(eps)_nbnd_60,Re(eps)_nbnd_70,Re(eps)_nbnd_80,Re(eps)_nbnd_90,Re(eps)_nbnd_100,Re(eps)_nbnd_110,Re(eps)_nbnd_120,Re(eps)_nbnd_130
5.000000,2.33999500,2.22368800,2.19991000,2.19585400,2.19726000,2.19753800,2.19756100,2.19754900,2.19754000,2.19753700,2.19752700
5.037593,2.34321000,2.22638900,2.20251400,2.19844300,2.19986000,2.20013900,2.20016200,2.20014900,2.20014100,2.20013800,2.20012800
5.075188,2.34647100,2.22912900,2.20515600,2.20106900,2.20249700,2.20277600,2.20280100,2.20278700,2.20277900,2.20277600,2.20276600
5.112782,2.34978200,2.23190900,2.20783500,2.20373300,2.20517200,2.20545200,2.20547600,2.20546300,2.20545500,2.20545200,2.20544200
5.150376,2.35314300,2.23473000,2.21055300,2.20643500,2.20788500,2.20816700,2.20819100,2.20817800,2.20817000,2.20816700,2.20815700
5.187970,2.35655600,2.23759100,2.21331000,2.20917700,2.21063700,2.21092000,2.21094500,2.21093200,2.21092300,2.21092100,2.21091100
5.225564,2.36002000,2.24049400,2.21610700,2.21195800,2.21342900,2.21371400,2.21373900,2.21372600,2.21371700,2.21371400,2.21370500
5.263157,2.36353800,2.24343900,2.21894500,2.21477800,2.21626300,2.21654800,2.21657300,2.21656000,2.21655200,2.21654900,2.21653900
5.300752,2.36711000,2.24642800,2.22182400,2.21764100,2.21913700,2.21942400,2.21944900,2.21943500,2.21942800,2.21942500,2.21941500
5.338346,2.37073700,2.24946100,2.22474600,2.22054600,2.22205300,2.22234200,2.22236700,2.22235400,2.22234600,2.22234200,2.22233200
5.375940,2.37442000,2.25253900,2.22770900,2.22349300,2.22501300,2.22530300,2.22532700,2.22531400,2.22530600,2.22530300,2.22529400
5.413534,2.37816100,2.25566200,2.23071700,2.22648200,2.22801500,2.22830700,2.22833200,2.22831800,2.22831000,2.22830700,2.22829700
5.451128,2.38196000,2.25883100,2.23377000,2.22951700,2.23106200,2.23135500,2.23138000,2.23136700,2.23135900,2.23135500,2.23134600
5.488721,2.38581900,2.26204900,2.23686700,2.23259500,2.23415500,2.23444900,2.23447500,2.23446100,2.23445400,2.23445100,2.23444000
5.526316,2.38974000,2.26531400,2.24001100,2.23572000,2.23729300,2.23759000,2.23761600,2.23760200,2.23759300,2.23759000,2.23758000
5.563910,2.39372200,2.26862900,2.24320100,2.23889200,2.24047900,2.24077700,2.24080200,2.24078900,2.24078000,2.24077700,2.24076700
5.601503,2.39776800,2.27199400,2.24644000,2.24211200,2.24371200,2.24401100,2.24403700,2.24402400,2.24401600,2.24401200,2.24400200
5.639097,2.40187800,2.27541100,2.24972700,2.24537900,2.24699400,2.24729500,2.24732200,2.24730800,2.24730000,2.24729700,2.24728600
5.676692,2.40605600,2.27887900,2.25306500,2.24869600,2.25032600,2.25062900,2.25065600,2.25064200,2.25063300,2.25063100,2.25062100
5.714285,2.41030100,2.28240100,2.25645300,2.25206500,2.25371000,2.25401400,2.25404000,2.25402700,2.25401800,2.25401500,2.25400400
5.751880,2.41461600,2.28597700,2.25989400,2.25548400,2.25714400,2.25745000,2.25747700,2.25746300,2.25745400,2.25745200,2.25744200
5.789474,2.41900200,2.28961000,2.26338700,2.25895500,2.26063200,2.26094000,2.26096700,2.26095300,2.26094500,2.26094200,2.26093100
5.827067,2.42346100,2.29329800,2.26693400,2.26248200,2.26417400,2.26448300,2.26451100,2.26449700,2.26448800,2.26448500,2.26447500
5.864661,2.42799300,2.29704500,2.27053700,2.26606200,2.26777100,2.26808200,2.26810900,2.26809600,2.26808800,2.26808500,2.26807400
5.902255,2.43260200,2.30085000,2.27419600,2.26969900,2.27142400,2.27173700,2.27176500,2.27175100,2.27174300,2.27174000,2.27172900
5.939849,2.43729000,2.30471700,2.27791200,2.27339200,2.27513500,2.27545000,2.27547800,2.27546400,2.27545600,2.27545300,2.27544200
5.977444,2.44205600,2.30864500,2.28168700,2.27714400,2.27890400,2.27922200,2.27925000,2.27923600,2.27922700,2.27922500,2.27921400
6.015037,2.44690500,2.31263500,2.28552300,2.28095600,2.28273500,2.28305400,2.28308200,2.28306800,2.28305900,2.28305700,2.28304600
6.052631,2.45183800,2.31669200,2.28942000,2.28482900,2.28662600,2.28694800,2.28697700,2.28696300,2.28695400,2.28695100,2.28694000
6.090225,2.45685600,2.32081400,2.29338000,2.28876400,2.29058100,2.29090400,2.29093300,2.29092000,2.29091000,2.29090700,2.29089700
6.127820,2.46196200,2.32500300,2.29740500,2.29276300,2.29460000,2.29492500,2.29495400,2.29494000,2.29493200,2.29492900,2.29491700
6.165413,2.46715900,2.32926200,2.30149500,2.29682800,2.29868400,2.29901200,2.29904100,2.29902700,2.29901800,2.29901600,2.29900400
6.203007,2.47244900,2.33359200,2.30565300,2.30095900,2.30283600,2.30316600,2.30319500,2.30318200,2.30317300,2.30317000,2.30315800
6.240601,2.47783300,2.33799500,2.30987900,2.30515900,2.30705700,2.30739000,2.30742000,2.30740500,2.30739600,2.30739400,2.30738300
6.278195,2.48331600,2.34247200,2.31417800,2.30943000,2.31134900,2.31168400,2.31171300,2.31170000,2.31169100,2.31168800,2.31167700
6.315789,2.48889900,2.34702500,2.31854800,2.31377200,2.31571300,2.31605100,2.31608100,2.31606600,2.31605800,2.31605500,2.31604400
6.353383,2.49458700,2.35165600,2.32299200,2.31818800,2.32015200,2.32049200,2.32052200,2.32050800,2.32049900,2.32049600,2.32048500
6.390977,2.50037900,2.35636800,2.32751300,2.32267900,2.32466700,2.32500900,2.32504000,2.32502600,2.32501700,2.32501400,2.32500300
6.428571,2.50628100,2.36116200,2.33211100,2.32724800,2.32926000,2.32960500,2.32963700,2.32962100,2.32961300,2.32961000,2.32959800
6.466165,2.51229700,2.36604000,2.33679100,2.33189700,2.33393400,2.33428100,2.33431200,2.33429800,2.33428900,2.33428600,2.33427500
6.503759,2.51842800,2.37100600,2.34155200,2.33662600,2.33869000,2.33903900,2.33907100,2.33905700,2.33904800,2.33904500,2.33903400
6.541353,2.52467800,2.37606000,2.34639800,2.34144100,2.34353000,2.34388200,2.34391400,2.34390000,2.34389100,2.34388800,2.34387600
6.578947,2.53105200,2.38120500,2.35133100,2.34634100,2.34845600,2.34881100,2.34884400,2.34882900,2.34882000,2.34881900,2.34880600
6.616541,2.53755200,2.38644500,2.35635300,2.35133000,2.35347300,2.35383100,2.35386400,2.35384900,2.35384000,2.35383800,2.35382600
6.654135,2.54418300,2.39178100,2.36146600,2.35640900,2.35858100,2.35894200,2.35897500,2.35896000,2.35895200,2.35894900,2.35893600
6.691729,2.55095100,2.39721600,2.36667400,2.36158200,2.36378300,2.36414800,2.36418100,2.36416700,2.36415700,2.36415500,2.36414300
6.729323,2.55785700,2.40275500,2.37197900,2.36685100,2.36908300,2.36945000,2.36948400,2.36947000,2.36946100,2.36945800,2.36944600
6.766917,2.56490700,2.40839800,2.37738400,2.37222000,2.37448300,2.37485300,2.37488700,2.37487200,2.37486400,2.37486100,2.37484900
6.804511,2.57210700,2.41415100,2.38289200,2.37769000,2.37998500,2.38035900,2.38039400,2.38037900,2.38037000,2.38036800,2.38035500
6.842104,2.57946200,2.42001500,2.38850500,2.38326500,2.38559400,2.38597100,2.38600600,2.38599100,2.38598200,2.38598000,2.38596800
6.879699,2.58697700,2.42599500,2.39422900,2.38894900,2.39131200,2.39169200,2.39172800,2.39171300,2.39170500,2.39170300,2.39169000
6.917293,2.59465700,2.43209300,2.40006500,2.39474500,2.39714300,2.39752700,2.39756300,2.39754900,2.39754000,2.39753800,2.39752500
6.954887,2.60250900,2.43831400,2.40601700,2.40065700,2.40309100,2.40347900,2.40351500,2.40350100,2.40349200,2.40348900,2.40347700
6.992481,2.61054000,2.44466400,2.41209000,2.40668600,2.40915900,2.40955000,2.40958700,2.40957200,2.40956400,2.40956200,2.40954900
7.030074,2.61875600,2.45114300,2.41828600,2.41284000,2.41535200,2.41574600,2.41578400,2.41576900,2.41576100,2.41575900,2.41574600
7.067669,2.62716500,2.45776000,2.42461100,2.41912100,2.42167400,2.42207100,2.42211000,2.42209500,2.42208600,2.42208400,2.42207100
7.105263,2.63577400,2.46451600,2.43107000,2.42553300,2.42812700,2.42853000,2.42856900,2.42855500,2.42854500,2.42854400,2.42853000
7.142857,2.64459100,2.47141600,2.43766500,2.43208100,2.43471900,2.43512600,2.43516500,2.43515100,2.43514200,2.43514000,2.43512700
7.180451,2.65362600,2.47846700,2.44440200,2.43877100,2.44145400,2.44186500,2.44190500,2.44189000,2.44188200,2.44188000,2.44186700
7.218045,2.66288800,2.48567500,2.45128800,2.44560700,2.44833600,2.44875200,2.44879200,2.44877900,2.44877000,2.44876800,2.44875500
7.255639,2.67238700,2.49304500,2.45832700,2.45259400,2.45537300,2.45579400,2.45583400,2.45582000,2.45581100,2.45581000,2.45579600
7.293232,2.68213200,2.50058400,2.46552400,2.45974000,2.46256900,2.46299400,2.46303500,2.46302000,2.46301200,2.46301100,2.46299700
7.330826,2.69213600,2.50829600,2.47288800,2.46704900,2.46993100,2.47035900,2.47040100,2.47038700,2.47037900,2.47037800,2.47036400
7.368421,2.70241500,2.51619100,2.48042200,2.47452800,2.47746400,2.47789900,2.47794200,2.47792700,2.47791900,2.47791900,2.47790300
7.406014,2.71297500,2.52427500,2.48813500,2.48218500,2.48517800,2.48561700,2.48566100,2.48564600,2.48563800,2.48563800,2.48562300
7.443608,2.72383600,2.53255700,2.49603500,2.49002500,2.49307800,2.49352400,2.49356700,2.49355400,2.49354600,2.49354400,2.49352900
7.481203,2.73501200,2.54104300,2.50413000,2.49805900,2.50117400,2.50162400,2.50166900,2.50165500,2.50164700,2.50164700,2.50163200
7.518797,2.74652000,2.54974400,2.51242700,2.50629400,2.50947300,2.50992900,2.50997400,2.50996100,2.50995300,2.50995300,2.50993800
7.556391,2.75837800,2.55867000,2.52093600,2.51473800,2.51798500,2.51844800,2.51849400,2.51848100,2.51847200,2.51847200,2.51845700
7.593984,2.77060700,2.56783000,2.52966700,2.52340300,2.52672000,2.52718900,2.52723600,2.52722200,2.52721500,2.52721500,2.52719900
7.631578,2.78322900,2.57723500,2.53863100,2.53229800,2.53568900,2.53616500,2.53621200,2.53619900,2.53619200,2.53619300,2.53617700
7.669173,2.79627000,2.58690000,2.54783800,2.54143400,2.54490400,2.54538600,2.54543400,2.54542200,2.54541400,2.54541500,2.54540000
7.706767,2.80975300,2.59683400,2.55730200,2.55082400,2.55437600,2.55486500,2.55491500,2.55490300,2.55489400,2.55489600,2.55488000
7.744360,2.82371100,2.60705300,2.56703600,2.56048100,2.56412000,2.56461500,2.56466700,2.56465500,2.56464700,2.56464900,2.56463200
7.781955,2.83817800,2.61757200,2.57705300,2.57042100,2.57414900,2.57465300,2.57470500,2.57469300,2.57468700,2.57468800,2.57467200
7.819549,2.85318900,2.62840700,2.58737000,2.58065700,2.58448100,2.58499300,2.58504700,2.58503400,2.58502700,2.58503100,2.58501300
7.857142,2.86878700,2.63957600,2.59800500,2.59120800,2.59513300,2.59565400,2.59570800,2.59569600,2.59569100,2.59569300,2.59567700
7.894736,2.88501900,2.65110000,2.60897600,2.60209000,2.60612500,2.60665400,2.60670900,2.60669900,2.60669300,2.60669600,2.60667900
7.932330,2.90194100,2.66299900,2.62030600,2.61332900,2.61747900,2.61801500,2.61807200,2.61806200,2.61805700,2.61806200,2.61804300
7.969924,2.91961500,2.67529800,2.63201500,2.62494400,2.62921500,2.62976200,2.62982100,2.62981200,2.62980700,2.62981100,2.62979300
8.007519,2.93811100,2.68802300,2.64413100,2.63696200,2.64136300,2.64192000,2.64198100,2.64197200,2.64196800,2.64197300,2.64195400
8.045113,2.95751400,2.70120100,2.65668200,2.64941300,2.65395300,2.65452000,2.65458300,2.65457400,2.65457000,2.65457600,2.65455700
8.082706,2.97792500,2.71486800,2.66970000,2.66232500,2.66701600,2.66759400,2.66765800,2.66765200,2.66764900,2.66765400,2.66763500
8.120299,2.99945800,2.72905900,2.68322300,2.67573900,2.68059000,2.68118000,2.68124700,2.68124000,2.68123700,2.68124500,2.68122600
8.157894,3.02225600,2.74381600,2.69728900,2.68969300,2.69471800,2.69532200,2.69539000,2.69538500,2.69538300,2.69539200,2.69537200
8.195488,3.04648600,2.75918300,2.71194900,2.70423700,2.70945200,2.71006900,2.71014000,2.71013600,2.71013500,2.71014400,2.71012400
8.233082,3.07234700,2.77521600,2.72725700,2.71942400,2.72484500,2.72547600,2.72555200,2.72554700,2.72554800,2.72555800,2.72553800
8.270677,3.10007300,2.79197500,2.74327500,2.73531800,2.74096600,2.74161400,2.74169100,2.74168900,2.74169100,2.74170300,2.74168200
8.308270,3.12991000,2.80953200,2.76007900,2.75199600,2.75789300,2.75855700,2.75863700,2.75863900,2.75864200,2.75865500,2.75863300
8.345864,3.16205600,2.82797100,2.77775500,2.76954300,2.77571900,2.77640100,2.77648500,2.77648800,2.77649200,2.77650800,2.77648600
8.383458,3.19642700,2.84738600,2.79640900,2.78806700,2.79455300,2.79525500,2.79534500,2.79534900,2.79535700,2.79537500,2.79535200
8.421052,3.23198300,2.86789600,2.81616500,2.80769600,2.81453000,2.81525500,2.81534800,2.81535700,2.81536600,2.81538700,2.81536200
8.458646,3.26488200,2.88963900,2.83717600,2.82857800,2.83580800,2.83655600,2.83665600,2.83666800,2.83668100,2.83670500,2.83667900
8.496240,3.28548300,2.91277900,2.85961500,2.85089200,2.85856800,2.85934300,2.85945000,2.85946700,2.85948200,2.85951000,2.85948300
8.533834,3.28301700,2.93751000,2.88367800,2.87482700,2.88300200,2.88380700,2.88392100,2.88394300,2.88396200,2.88399400,2.88396600
8.571428,3.27234100,2.96405600,2.90955200,2.90054700,2.90925300,2.91008900,2.91020900,2.91023500,2.91026000,2.91029600,2.91026500
8.609021,3.28630300,2.99262900,2.93728200,2.92802700,2.93720800,2.93807100,2.93819800,2.93822700,2.93825500,2.93829400,2.93826300
8.646616,3.32821900,3.02334500,2.96642600,2.95659600,2.96591300,2.96678200,2.96690800,2.96693400,2.96695700,2.96699300,2.96696300
8.684210,3.38627800,3.05588000,2.99498300,2.98363500,2.99197200,2.99278300,2.99288800,2.99288900,2.99289000,2.99290400,2.99288100
8.721804,3.45375500,3.08852600,3.01709600,3.00208900,3.00708900,3.00771500,3.00775500,3.00769100,3.00763100,3.00759000,3.00758200
8.759398,3.52869200,3.11600700,3.02244200,3.00189300,3.00261700,3.00305000,3.00302100,3.00288700,3.00275900,3.00265900,3.00267100
8.796992,3.61021200,3.12822800,3.01175700,2.98979400,2.99217900,2.99276400,2.99277300,2.99267400,2.99256900,2.99250000,2.99250900
8.834586,3.69468800,3.12363700,3.01160600,2.99384100,3.00253400,3.00346400,3.00357300,3.00356700,3.00353500,3.00354700,3.00353800
8.872180,3.76801500,3.12738700,3.03652100,3.02188800,3.03518600,3.03634400,3.03651900,3.03657200,3.03658700,3.03664900,3.03662800
8.909773,3.78868600,3.15709900,3.07838200,3.06431700,3.08019800,3.08148400,3.08169300,3.08177500,3.08181000,3.08189700,3.08187100
8.947368,3.67701900,3.20595500,3.12924500,3.11439900,3.13215300,3.13353300,3.13376800,3.13386500,3.13391300,3.13401200,3.13398300
8.984962,3.41413600,3.26564600,3.18626000,3.17005000,3.18964900,3.19112100,3.19137900,3.19149100,3.19154800,3.19166100,3.19163200
9.022555,3.18804400,3.33298600,3.24904100,3.23121500,3.25278300,3.25435400,3.25463500,3.25476400,3.25482900,3.25495500,3.25492500
9.060150,3.13661200,3.40706600,3.31744700,3.29805200,3.32136900,3.32302500,3.32332500,3.32346800,3.32353900,3.32367800,3.32364500
9.097744,3.20358900,3.48591200,3.38912000,3.36895500,3.39238300,3.39403700,3.39433500,3.39446900,3.39453500,3.39466700,3.39463900
9.135338,3.31439700,3.56114900,3.45389600,3.43600100,3.45360100,3.45495600,3.45516400,3.45522400,3.45525000,3.45531700,3.45530000
9.172933,3.42779900,3.60589500,3.48069700,3.47359800,3.46932100,3.46962200,3.46951000,3.46932500,3.46922000,3.46907400,3.46908900
9.210526,3.51338800,3.55932300,3.40503800,3.42328600,3.37280500,3.37111900,3.37041600,3.36977700,3.36942600,3.36888800,3.36895900
9.248120,3.55545600,3.37361100,3.19530900,3.23631400,3.15398300,3.15152900,3.15056600,3.14973300,3.14927600,3.14857100,3.14865000
9.285713,3.58424300,3.16568900,2.99270800,3.02151900,2.97371200,2.97324100,2.97279200,2.97236500,2.97211800,2.97175300,2.97175800
9.323307,3.60789100,3.09639400,2.93439500,2.93878700,2.93956500,2.94112300,2.94121300,2.94119700,2.94117000,2.94115400,2.94109400
9.360902,3.56309400,3.14692700,2.98572800,2.97681400,3.00183400,3.00433400,3.00466700,3.00483600,3.00490500,3.00504500,3.00495700
9.398496,3.44265300,3.23681700,3.08178600,3.06766000,3.10027500,3.10305600,3.10345500,3.10367300,3.10376800,3.10394600,3.10385300
9.436090,3.35157000,3.29680900,3.18754800,3.17047800,3.20214000,3.20474100,3.20509700,3.20527600,3.20535300,3.20549900,3.20541400
9.473684,3.36154800,3.25745200,3.27801400,3.25638400,3.27822400,3.27991100,3.28007500,3.28009500,3.28010100,3.28011500,3.28005700
9.511277,3.45441600,3.11675400,3.31535200,3.28526400,3.28611600,3.28598300,3.28578200,3.28550200,3.28536600,3.28513900,3.28512800
9.548872,3.55616900,3.00963900,3.26411800,3.22796000,3.21299600,3.21176100,3.21135400,3.21089000,3.21066500,3.21029400,3.21030500
9.586466,3.57511100,3.01664400,3.17025400,3.14191100,3.13441000,3.13389800,3.13365600,3.13330200,3.13311400,3.13283100,3.13281800
9.624060,3.46346300,3.08485500,3.11393200,3.09748700,3.10356100,3.10415600,3.10413800,3.10394500,3.10381700,3.10367000,3.10361800
9.661654,3.34894500,3.14730500,3.11897800,3.10755100,3.12958200,3.13160100,3.13182500,3.13181300,3.13176900,3.13177900,3.13168800
9.699247,3.37237500,3.19670800,3.18366600,3.17457700,3.20675300,3.20956300,3.20991000,3.20999000,3.20999500,3.21008800,3.20997600
9.736841,3.49720700,3.26960500,3.26468800,3.26305200,3.28908000,3.29119000,3.29143800,3.29142500,3.29140000,3.29142800,3.29133700
9.774436,3.63030100,3.35206800,3.30380200,3.31596800,3.31714500,3.31705700,3.31700300,3.31674400,3.31662200,3.31647600,3.31644400
9.812029,3.67068000,3.37590900,3.26725400,3.28898100,3.25326500,3.25033500,3.24992100,3.24939000,3.24916900,3.24885100,3.24889100
9.849624,3.53882600,3.28948700,3.14758800,3.17259500,3.10850700,3.10418300,3.10360700,3.10298100,3.10271600,3.10235000,3.10241900
9.887218,3.33654000,3.18426300,3.00901300,3.02870600,2.99029000,2.98885600,2.98865200,2.98832000,2.98815000,2.98798600,2.98797700
9.924811,3.23597200,3.19385600,2.98004700,2.98784800,3.00111400,3.00341600,3.00367800,3.00369100,3.00364000,3.00370300,3.00359900
9.962406,3.22455600,3.30451700,3.06666400,3.06691300,3.11032100,3.11452400,3.11502100,3.11519300,3.11519600,3.11536300,3.11521000
9.999999,3.28998700,3.44885900,3.20891200,3.20600100,3.25994300,3.26474500,3.26531100,3.26551900,3.26553300,3.26572100,3.26555500
10.037590,3.44735400,3.56211100,3.36680900,3.36163900,3.41401100,3.41853100,3.41905100,3.41921800,3.41921700,3.41938000,3.41922200
10.075190,3.66591700,3.55651800,3.51018600,3.50005700,3.53422100,3.53703000,3.53731100,3.53732100,3.53727500,3.53734400,3.53723300
10.112780,3.91684900,3.36949200,3.58547300,3.56393300,3.54872200,3.54734400,3.54704500,3.54672000,3.54659500,3.54646300,3.54646900
10.150380,4.18873400,3.12957900,3.50181700,3.46825100,3.38465000,3.37860700,3.37768100,3.37702800,3.37685200,3.37654300,3.37668000
10.187970,4.47317100,3.03818000,3.25293900,3.22850000,3.13991000,3.13518300,3.13443400,3.13391000,3.13378700,3.13355500,3.13365700
10.225560,4.74279900,3.12049500,3.05981900,3.05778100,3.03970900,3.04064700,3.04062800,3.04049400,3.04044700,3.04042400,3.04036100
10.263160,4.91084400,3.29901500,3.06816700,3.07994500,3.12043400,3.12522700,3.12569600,3.12579800,3.12579000,3.12589100,3.12571600
10.300750,4.79087400,3.51632100,3.21251300,3.22907800,3.29440700,3.30073400,3.30138700,3.30156200,3.30156200,3.30170100,3.30148000
10.338350,4.25104500,3.74357200,3.41151000,3.42661400,3.49637000,3.50283600,3.50348900,3.50363300,3.50361600,3.50373600,3.50350800
10.375940,3.54213400,3.94867800,3.61952500,3.62275600,3.67785500,3.68282500,3.68325200,3.68322800,3.68314800,3.68317300,3.68297900
10.413530,2.96160700,4.05742700,3.78961000,3.75540400,3.76141900,3.76181100,3.76158500,3.76113900,3.76090300,3.76067800,3.76059400
10.451130,2.50956200,3.94400000,3.83294800,3.71829300,3.63874800,3.63207300,3.63086600,3.62980800,3.62932800,3.62873800,3.62882100
10.488720,2.05171100,3.59579100,3.65424800,3.45443800,3.32750500,3.31806700,3.31647900,3.31518300,3.31455500,3.31382300,3.31395700
10.526310,1.70383100,3.26995100,3.33488300,3.13283500,3.05404200,3.04955600,3.04862300,3.04769700,3.04712200,3.04662500,3.04661500
10.563910,1.59822100,3.15181100,3.11503700,2.99521100,3.00396500,3.00681300,3.00684200,3.00643900,3.00599900,3.00583500,3.00563500
10.601500,1.62548500,3.14181000,3.12500400,3.08464500,3.14594600,3.15267500,3.15321300,3.15307900,3.15271700,3.15272500,3.15242600
10.639100,1.76127200,3.05271500,3.27904200,3.27946100,3.34650500,3.35306300,3.35365100,3.35359800,3.35330200,3.35334600,3.35307300
10.676690,2.00411800,2.83099400,3.41266900,3.44833200,3.48228800,3.48493600,3.48530900,3.48540200,3.48531600,3.48540400,3.48528900
10.714280,2.29936300,2.64399400,3.38247700,3.48005800,3.44906600,3.44457400,3.44460200,3.44508200,3.44543900,3.44567900,3.44585100
10.751880,2.61014900,2.58056700,3.14965500,3.30034100,3.19762300,3.18629000,3.18581100,3.18651900,3.18721200,3.18753600,3.18795900
10.789470,2.92668100,2.49117300,2.77909900,2.92758300,2.76900500,2.75279000,2.75165800,2.75229000,2.75308000,2.75334300,2.75392600
10.827070,3.25147300,2.23650500,2.29661800,2.40974100,2.24039600,2.22419800,2.22301700,2.22367400,2.22450100,2.22476900,2.22537100
10.864660,3.59024500,2.01713100,1.89314400,1.94695700,1.87064500,1.86409000,1.86373300,1.86423100,1.86471300,1.86494900,1.86523200
10.902250,3.94560800,2.04123300,1.77555200,1.80013500,1.82453800,1.82777000,1.82810800,1.82824200,1.82823000,1.82833800,1.82826200
10.939850,4.30602400,2.23984600,1.90106700,1.92230600,1.99455700,2.00243500,2.00306400,2.00296400,2.00267800,2.00269800,2.00244100
10.977440,4.61912300,2.50735900,2.13793300,2.16115900,2.24821400,2.25758100,2.25829600,2.25810300,2.25771600,2.25769900,2.25737900
11.015040,4.74973400,2.79756200,2.40897500,2.43485400,2.52526300,2.53504100,2.53578000,2.53555000,2.53512900,2.53509600,2.53475500
11.052630,4.48548600,3.09816100,2.68852100,2.71739000,2.80898800,2.81898900,2.81974300,2.81949100,2.81905100,2.81900800,2.81865500
11.090220,3.65333400,3.40635700,2.97311000,3.00514400,3.09872400,3.10903900,3.10981700,3.10954100,3.10907700,3.10902600,3.10865700
11.127820,2.49250700,3.71256000,3.26618400,3.30056100,3.39694000,3.40764000,3.40843600,3.40813100,3.40763700,3.40757400,3.40718700
11.165410,1.75741900,3.98026900,3.57013200,3.60259100,3.69969800,3.71049500,3.71126700,3.71091700,3.71039300,3.71031000,3.70991500
11.203010,1.63468700,4.13357100,3.87697600,3.89386200,3.98143700,3.99110900,3.99170500,3.99129200,3.99075800,3.99063700,3.99027500
11.240600,1.67240100,4.11555900,4.14997000,4.12181500,4.17747300,4.18363300,4.18379500,4.18330100,4.18282400,4.18264000,4.18239900
11.278190,1.43891100,3.94259300,4.30743100,4.21184500,4.21455800,4.21530400,4.21492500,4.21443000,4.21411400,4.21390400,4.21385100
11.315790,0.97114600,3.57966100,4.26250600,4.12373600,4.04868600,4.04071100,4.03975700,4.03957400,4.03971600,4.03963900,4.03990300
11.353380,0.71127800,2.96710000,3.92660900,3.76415300,3.56641400,3.54372600,3.54198900,3.54257400,3.54361200,3.54387500,3.54466800
11.390980,0.71540500,2.22562800,3.18071100,3.02102800,2.72434300,2.69012700,2.68782300,2.68904000,2.69077200,2.69131400,2.69249600
11.428570,0.63900500,1.65990600,2.22615700,2.09242500,1.82105400,1.79202000,1.78990600,1.79066100,1.79193000,1.79226700,1.79318600
11.466160,0.28074200,1.16281200,1.51158100,1.40359200,1.24789600,1.23410100,1.23284800,1.23281800,1.23318000,1.23317100,1.23352300
11.503760,-0.04993900,0.63260300,1.15360600,1.09987800,1.04788400,1.04398400,1.04358200,1.04348900,1.04357700,1.04353500,1.04361700
11.541350,-0.05245100,0.37626900,1.00398600,0.99705700,0.96009100,0.95495800,0.95480500,0.95528800,0.95579600,0.95598400,0.95622200
11.578950,0.17426300,0.44775800,0.83196900,0.85051700,0.80725900,0.80150900,0.80155100,0.80242200,0.80319300,0.80354100,0.80388200
11.616540,0.47364400,0.69219400,0.69166200,0.73633100,0.75215500,0.75438100,0.75486400,0.75522600,0.75545700,0.75560500,0.75564100
11.654130,0.75945000,1.00182900,0.77892800,0.83762700,0.91439700,0.92352800,0.92430500,0.92410300,0.92379200,0.92371600,0.92346300
11.691730,0.96139600,1.27560200,1.03062500,1.09222900,1.18470100,1.19509100,1.19588900,1.19555900,1.19513500,1.19500800,1.19469700
11.729320,0.98347000,1.37814900,1.28233100,1.34806200,1.41081800,1.41689300,1.41744900,1.41748100,1.41739600,1.41741100,1.41728700
11.766920,0.81153400,1.18223900,1.36463900,1.44577800,1.42970300,1.42575000,1.42577900,1.42668200,1.42739400,1.42775100,1.42806400
11.804510,0.67027300,0.84161800,1.15619100,1.25282700,1.15983500,1.14820400,1.14780600,1.14929000,1.15053500,1.15111100,1.15174600
11.842100,0.71437500,0.68847400,0.83930200,0.91328300,0.84203300,0.83499000,0.83472000,0.83555600,0.83624400,0.83654900,0.83694200
11.879700,0.87916200,0.72942100,0.71229100,0.73714000,0.72770900,0.72817400,0.72818800,0.72816100,0.72809000,0.72803900,0.72806800
11.917290,1.08605900,0.84733800,0.75796500,0.75896100,0.79384300,0.79918100,0.79947700,0.79911000,0.79868700,0.79850000,0.79833200
11.954890,1.30216700,1.01357400,0.88554600,0.89976100,0.95652300,0.96353400,0.96395400,0.96358700,0.96311400,0.96293200,0.96271600
11.992480,1.51919000,1.18509300,1.03933900,1.07023200,1.11532000,1.12002200,1.12021400,1.12000500,1.11967200,1.11957000,1.11944000
12.030070,1.73740600,1.27778100,1.12871900,1.16869300,1.17624500,1.17631700,1.17606900,1.17608500,1.17598400,1.17599500,1.17601800
12.067670,1.95817300,1.25257000,1.11382600,1.15953100,1.15387500,1.15358100,1.15333400,1.15337400,1.15330600,1.15334600,1.15337300
12.105260,2.17832900,1.22855500,1.11416300,1.16343600,1.19171300,1.19596500,1.19619200,1.19604800,1.19579400,1.19576100,1.19563400
12.142860,2.38210900,1.31924000,1.22597900,1.27693200,1.33698900,1.34470400,1.34527900,1.34499300,1.34459800,1.34450700,1.34426700
12.180450,2.52314800,1.49469800,1.41451100,1.46643100,1.54054000,1.54972600,1.55044300,1.55009600,1.54964300,1.54952600,1.54924200
12.218040,2.47666300,1.70235300,1.63296200,1.68553600,1.76429900,1.77398700,1.77474900,1.77437800,1.77390700,1.77378000,1.77348400
12.255640,2.06204600,1.91974700,1.85929100,1.91115000,1.98914900,1.99866700,1.99941200,1.99904100,1.99857800,1.99845400,1.99816600
12.293230,1.41240000,2.14019500,2.07884300,2.12563800,2.19351100,2.20147000,2.20208200,2.20176400,2.20137100,2.20127000,2.20103200
12.330830,1.01970100,2.34031100,2.26365700,2.29439300,2.32687000,2.32950700,2.32968500,2.32956500,2.32940700,2.32939200,2.32931600
12.368420,0.99157900,2.44444100,2.34037700,2.32620000,2.26665000,2.25650200,2.25565400,2.25601000,2.25641500,2.25660400,2.25691000
12.406010,1.14632000,2.29635400,2.15731100,2.06242100,1.87742400,1.85344800,1.85150900,1.85238300,1.85338500,1.85378500,1.85449700
12.443610,1.36960900,1.81073500,1.66171600,1.53924600,1.36052700,1.34209600,1.34060700,1.34131300,1.34208000,1.34238600,1.34293000
12.481200,1.61255700,1.31861200,1.21159800,1.17169400,1.12383300,1.12161100,1.12137600,1.12154000,1.12163200,1.12168700,1.12176300
12.518800,1.83215300,1.16841100,1.10140300,1.14203300,1.18649300,1.19379600,1.19428300,1.19412100,1.19381600,1.19372500,1.19352900
12.556390,1.95668700,1.28567100,1.23174600,1.30610800,1.38397200,1.39436600,1.39507600,1.39478900,1.39434100,1.39419700,1.39391000
12.593980,1.89007100,1.50580100,1.45248400,1.52988900,1.60862700,1.61853900,1.61919100,1.61886400,1.61839400,1.61823500,1.61795400
12.631580,1.68038200,1.72545300,1.68185000,1.73626800,1.79012200,1.79620700,1.79653500,1.79621900,1.79581800,1.79566600,1.79547200
12.669170,1.55493700,1.84530400,1.85580800,1.85198500,1.85356600,1.85238300,1.85216500,1.85200900,1.85184300,1.85175800,1.85175200
12.706770,1.55500600,1.73528900,1.87889500,1.80457500,1.74696700,1.73763700,1.73695600,1.73731200,1.73765700,1.73778200,1.73804600
12.744360,1.58908300,1.39744200,1.66850900,1.58177600,1.48348400,1.46872200,1.46783600,1.46867900,1.46948200,1.46981300,1.47027800
12.781950,1.65038400,1.11717200,1.33236400,1.28273800,1.19892900,1.18846500,1.18785500,1.18836800,1.18888100,1.18908900,1.18939800
12.819550,1.72853700,1.04068200,1.11268600,1.10213500,1.08286900,1.08268300,1.08268000,1.08260800,1.08254600,1.08251500,1.08250400
12.857140,1.66558900,1.09106000,1.08217900,1.11778300,1.16024300,1.16768800,1.16817500,1.16783000,1.16745300,1.16730600,1.16709100
12.894740,1.31253900,1.23531500,1.19782500,1.27178700,1.34441200,1.35484300,1.35553000,1.35512100,1.35464800,1.35447400,1.35418700
12.932330,0.86097200,1.43696200,1.39083800,1.47831400,1.55243100,1.56215800,1.56280900,1.56247400,1.56206300,1.56192400,1.56166700
12.969920,0.58697600,1.62150900,1.58907100,1.66091800,1.70448300,1.70864400,1.70896200,1.70894400,1.70884200,1.70884400,1.70876300
13.007520,0.47572000,1.67576200,1.70272000,1.71408100,1.67618600,1.66731500,1.66684900,1.66752600,1.66812100,1.66843300,1.66875200
13.045110,0.51043200,1.45833600,1.59435500,1.49916400,1.35740100,1.33555300,1.33429300,1.33558900,1.33682700,1.33741200,1.33811100
13.082710,0.66239200,1.02607400,1.21174000,1.06757400,0.93311000,0.91679700,0.91584800,0.91677400,0.91767300,0.91808100,0.91859300
13.120300,0.85682400,0.72193100,0.82806500,0.77195400,0.74155300,0.74001900,0.73996600,0.74013800,0.74027700,0.74033400,0.74040400
13.157890,1.04244800,0.69378600,0.70897000,0.75385700,0.79355600,0.80007200,0.80050800,0.80028900,0.80002400,0.79990200,0.79973400
13.195490,1.17016300,0.82085400,0.79886100,0.88276500,0.93781900,0.94514400,0.94561100,0.94533800,0.94501200,0.94486300,0.94466400
13.233080,1.14447100,0.96314100,0.95670100,1.02408100,1.05328800,1.05582700,1.05595600,1.05586900,1.05571800,1.05564700,1.05556300
13.270670,0.90517800,1.01310800,1.07905300,1.07857300,1.05526000,1.05049300,1.05013000,1.05033000,1.05046000,1.05051000,1.05060400
13.308270,0.63878000,0.92734700,1.08574600,1.01314800,0.97171800,0.96671500,0.96636200,0.96658500,0.96674300,0.96680600,0.96690700
13.345860,0.55393900,0.82255500,0.99423400,0.94310800,0.93976400,0.94054700,0.94060300,0.94064200,0.94062700,0.94061500,0.94059000
13.383460,0.61027100,0.80129500,0.94284100,0.95638600,0.98107900,0.98447100,0.98472200,0.98470700,0.98464700,0.98461800,0.98454900
13.421050,0.72547100,0.80426400,0.96480900,1.00049400,1.02361400,1.02572900,1.02592900,1.02601300,1.02606500,1.02608300,1.02606800
13.458640,0.86445700,0.79626400,0.99029200,1.01952700,1.03941500,1.04138900,1.04159700,1.04169000,1.04176000,1.04178600,1.04178200
13.496240,1.00894000,0.83289700,1.00467300,1.04680600,1.07907800,1.08348700,1.08383800,1.08380400,1.08374800,1.08372000,1.08365100
13.533830,1.15068200,0.93010900,1.05696100,1.11751600,1.16070000,1.16694200,1.16739600,1.16727300,1.16712200,1.16705500,1.16693700
13.571430,1.28991100,1.05690100,1.14734700,1.22010000,1.27021700,1.27768100,1.27819300,1.27799200,1.27776000,1.27765900,1.27750100
13.609020,1.42948900,1.19241800,1.25890700,1.34700200,1.40217400,1.41050300,1.41105300,1.41078800,1.41049300,1.41036600,1.41017900
13.646620,1.57015700,1.32962600,1.38974000,1.48984800,1.54724900,1.55591700,1.55647700,1.55618700,1.55586700,1.55572900,1.55553000
13.684210,1.70842700,1.46762300,1.53344900,1.63733700,1.69252800,1.70065700,1.70117000,1.70088900,1.70058100,1.70044800,1.70026100
13.721800,1.83031600,1.60740000,1.67995700,1.77352400,1.81574800,1.82122900,1.82153500,1.82132100,1.82109500,1.82099100,1.82085900
13.759400,1.90408100,1.74844700,1.81256900,1.86381000,1.87055500,1.86945900,1.86927000,1.86921900,1.86919100,1.86915400,1.86915700
13.796990,1.89575400,1.88326400,1.89306300,1.85129100,1.80239600,1.79238500,1.79157400,1.79175400,1.79200100,1.79206300,1.79224500
13.834590,1.77414200,1.98646700,1.85976000,1.70741300,1.61339700,1.59694100,1.59584900,1.59634200,1.59687900,1.59707200,1.59740700
13.872180,1.49832700,2.00675400,1.67940600,1.46207000,1.34627600,1.32718700,1.32615700,1.32694000,1.32769700,1.32801300,1.32844000
13.909770,1.20097400,1.88370400,1.38815100,1.18276800,1.09510100,1.08276700,1.08216700,1.08271700,1.08323600,1.08345900,1.08373800
13.947370,1.07775800,1.57325100,1.10816300,1.00694300,0.97828100,0.97536100,0.97517800,0.97528000,0.97540000,0.97544200,0.97550100
13.984960,1.09582600,1.17538800,0.97856600,0.95687800,0.95678300,0.95760600,0.95757200,0.95749300,0.95745800,0.95743400,0.95741200
14.022560,1.12291300,0.91066600,0.95861400,0.95079200,0.96284200,0.96531300,0.96541800,0.96532100,0.96525400,0.96522400,0.96517300
14.060150,1.08683400,0.82731200,0.95774100,0.97482000,1.00461400,1.00965700,1.00997100,1.00982700,1.00968300,1.00962500,1.00951500
14.097740,1.05168500,0.86088800,0.98436300,1.04917800,1.09287500,1.09971100,1.10015900,1.09996400,1.09975300,1.09966700,1.09951200
14.135340,1.08991200,0.94394700,1.06296400,1.15662300,1.20384300,1.21098700,1.21145100,1.21123600,1.21100500,1.21090900,1.21074300
14.172930,1.17459800,1.04839200,1.17228500,1.27041400,1.31359600,1.32001500,1.32041000,1.32018900,1.31996400,1.31986600,1.31971100
14.210530,1.26801500,1.16532600,1.28687000,1.37352700,1.40842600,1.41374800,1.41404300,1.41381300,1.41360000,1.41350200,1.41336300
14.248120,1.36369300,1.28393900,1.39154200,1.46033400,1.49203600,1.49740800,1.49770700,1.49746000,1.49724000,1.49713600,1.49699400
14.285710,1.45633100,1.39571400,1.47963400,1.54592300,1.58439200,1.59093200,1.59133100,1.59106300,1.59081800,1.59070900,1.59054600
14.323310,1.53055400,1.49239300,1.56346900,1.64631000,1.69180100,1.69921900,1.69968800,1.69940400,1.69914200,1.69902700,1.69885000
14.360900,1.58842000,1.56814700,1.66136600,1.75850500,1.80647300,1.81403700,1.81451800,1.81423600,1.81397300,1.81386100,1.81368200
14.398490,1.65587400,1.63269000,1.77243900,1.87141200,1.91495900,1.92129700,1.92169700,1.92147200,1.92126400,1.92117500,1.92102800
14.436090,1.74759700,1.70098500,1.88464100,1.96343900,1.98625900,1.98788000,1.98797200,1.98796500,1.98795800,1.98795600,1.98792200
14.473680,1.85197800,1.78490700,1.97405100,1.98349600,1.95147300,1.94189300,1.94125800,1.94175800,1.94220500,1.94239600,1.94262700
14.511280,1.95147900,1.88816200,1.98493300,1.85009900,1.73924000,1.71718700,1.71577300,1.71680000,1.71771100,1.71809700,1.71860600
14.548870,2.04426800,1.99306800,1.83222600,1.56604600,1.44685000,1.42856700,1.42744100,1.42828100,1.42900600,1.42931000,1.42972100
14.586460,2.13311800,2.05732000,1.53539500,1.33530600,1.29419100,1.29012800,1.28991700,1.29016200,1.29033900,1.29040800,1.29050100
14.624060,2.18127800,1.99610900,1.31431300,1.28402500,1.30403600,1.30849300,1.30881300,1.30871500,1.30858100,1.30851700,1.30842700
14.661650,2.09561200,1.73523600,1.27627400,1.34299600,1.38507200,1.39210900,1.39259000,1.39239300,1.39217300,1.39207600,1.39193200
14.699250,1.78257600,1.41978200,1.34296300,1.43581800,1.48284500,1.49040200,1.49090800,1.49068800,1.49044800,1.49034500,1.49018900
14.736840,1.39717700,1.28233500,1.44000000,1.53845000,1.58715200,1.59492000,1.59541700,1.59517200,1.59491000,1.59479600,1.59463100
14.774440,1.21935800,1.31472500,1.54436600,1.64734500,1.69309200,1.70019400,1.70060200,1.70035600,1.70009900,1.69998600,1.69982900
14.812030,1.24371100,1.42073400,1.65466200,1.74943300,1.78211300,1.78685000,1.78703300,1.78683800,1.78664100,1.78655300,1.78644000
14.849620,1.34111200,1.54478500,1.75966100,1.81969400,1.82805000,1.82902700,1.82894100,1.82887100,1.82880200,1.82877000,1.82873800
14.887220,1.41079100,1.65935700,1.83125000,1.82934000,1.81184500,1.80860800,1.80840800,1.80858700,1.80873600,1.80880100,1.80889100
14.924810,1.37643100,1.74179800,1.82135600,1.75730000,1.71279600,1.70458200,1.70430600,1.70482200,1.70525700,1.70544600,1.70569300
14.962400,1.25725300,1.76317500,1.69543200,1.60866500,1.56184600,1.55462900,1.55447700,1.55497600,1.55539200,1.55557300,1.55580000
15.000000,1.19131300,1.67413900,1.51853100,1.48881200,1.48095600,1.48072500,1.48086700,1.48100200,1.48110100,1.48114600,1.48118300
15.037590,1.22018000,1.48739200,1.43013200,1.47628300,1.49912700,1.50328700,1.50356500,1.50344800,1.50333600,1.50329000,1.50320200
15.075190,1.29019800,1.35663900,1.45206200,1.53026800,1.56244100,1.56794900,1.56824800,1.56803900,1.56785100,1.56777200,1.56764100
15.112780,1.37060000,1.35314300,1.52235500,1.60445800,1.64109400,1.64742400,1.64778000,1.64753900,1.64732100,1.64722900,1.64707900
15.150370,1.45960700,1.42212700,1.60101500,1.68715300,1.72787100,1.73457900,1.73498700,1.73474400,1.73452300,1.73443100,1.73427700
15.187970,1.55400000,1.51287200,1.68164700,1.77217800,1.81268000,1.81902400,1.81943300,1.81921300,1.81901400,1.81893400,1.81879200
15.225560,1.64783500,1.60227300,1.76410800,1.85104700,1.88991200,1.89594100,1.89634200,1.89613600,1.89595200,1.89587900,1.89574400
15.263160,1.73407000,1.67775800,1.84159700,1.92642300,1.96489400,1.97077300,1.97115500,1.97095000,1.97076900,1.97069600,1.97056400
15.300750,1.80338300,1.73932900,1.91512000,2.00022800,2.03240700,2.03686200,2.03713300,2.03696300,2.03682500,2.03676800,2.03666300
15.338350,1.84582500,1.80327800,1.98832600,2.05561400,2.07288200,2.07489800,2.07499400,2.07488400,2.07481800,2.07479000,2.07473000
15.375940,1.84745000,1.87643300,2.04726100,2.07970400,2.09017700,2.09194500,2.09202200,2.09191000,2.09184400,2.09181700,2.09175700
15.413530,1.81888300,1.94593700,2.07604600,2.09938900,2.11891000,2.12213200,2.12229500,2.12216700,2.12206400,2.12202300,2.12193600
15.451130,1.81960700,1.99154000,2.09526400,2.13952300,2.16004500,2.16248400,2.16255200,2.16250600,2.16244200,2.16241800,2.16235400
15.488720,1.86762700,2.01077200,2.13587900,2.17804200,2.18517600,2.18543100,2.18531100,2.18536600,2.18537500,2.18537900,2.18536000
15.526320,1.93203600,2.04014300,2.18492100,2.19494000,2.19583200,2.19628600,2.19618500,2.19620700,2.19620200,2.19619600,2.19617000
15.563910,1.97862400,2.10061300,2.21219700,2.20974300,2.22428300,2.22775800,2.22791600,2.22780700,2.22770900,2.22766300,2.22757400
15.601500,1.99307000,2.17489800,2.22001900,2.25266900,2.28546200,2.29091300,2.29126200,2.29109900,2.29096000,2.29089500,2.29077300
15.639100,2.00864000,2.24065500,2.24537600,2.31742800,2.34326000,2.34526700,2.34542600,2.34544700,2.34544100,2.34542800,2.34538900
15.676690,2.05753900,2.28446200,2.30467700,2.34717700,2.32595700,2.31836600,2.31794500,2.31840000,2.31871500,2.31883300,2.31899900
15.714280,2.12866400,2.30793600,2.35400800,2.27476200,2.20548700,2.19265600,2.19195500,2.19261400,2.19308300,2.19326400,2.19352900
15.751880,2.20552800,2.32183300,2.31876200,2.14126300,2.09889600,2.09393000,2.09371800,2.09399700,2.09419000,2.09426300,2.09434800
15.789470,2.28181500,2.34934500,2.18890900,2.08714800,2.09869900,2.10162900,2.10183800,2.10173400,2.10164600,2.10160500,2.10152000
15.827070,2.34618500,2.41072700,2.09620300,2.12838400,2.15812200,2.16289000,2.16313400,2.16289000,2.16270100,2.16262000,2.16248600
15.864660,2.39330000,2.48041500,2.10976200,2.19867600,2.22982500,2.23564000,2.23595400,2.23565400,2.23543000,2.23533500,2.23517300
15.902260,2.44244800,2.49415900,2.17184000,2.27702900,2.32474400,2.33348200,2.33404300,2.33368400,2.33342300,2.33331200,2.33309700
15.939850,2.49834800,2.41049900,2.24341300,2.38268600,2.44680700,2.45695600,2.45763700,2.45726300,2.45699900,2.45688900,2.45665400
15.977440,2.55316200,2.31983600,2.34067600,2.50530800,2.56512800,2.57303800,2.57355300,2.57326300,2.57308100,2.57300300,2.57281900
16.015040,2.61066800,2.33116800,2.46387900,2.60294500,2.62824800,2.62914000,2.62913200,2.62907500,2.62909200,2.62909700,2.62906000
16.052630,2.66197500,2.41520900,2.57975000,2.62081600,2.59059000,2.58318200,2.58256900,2.58278000,2.58300500,2.58309600,2.58323000
16.090230,2.69932700,2.49860700,2.63596100,2.54547700,2.48254000,2.47246800,2.47163500,2.47192300,2.47217500,2.47228100,2.47246700
16.127820,2.69174000,2.54165700,2.59247100,2.43804600,2.37990100,2.37299300,2.37237000,2.37252500,2.37265700,2.37271800,2.37282900
16.165410,2.60967200,2.56511200,2.49224900,2.36427900,2.35170900,2.35328200,2.35328200,2.35313100,2.35303300,2.35300500,2.35293000
16.203010,2.54554400,2.59228700,2.40245000,2.38427300,2.42440000,2.43250600,2.43293300,2.43252100,2.43223800,2.43213000,2.43191300
16.240600,2.58378400,2.59111500,2.37726700,2.48887400,2.54659400,2.55604200,2.55648100,2.55596200,2.55559300,2.55544600,2.55519100
16.278190,2.67808900,2.54756700,2.45085200,2.61733600,2.67269300,2.68214900,2.68264200,2.68219600,2.68186200,2.68172700,2.68148000
16.315790,2.76169300,2.50075700,2.57844500,2.73729600,2.79525300,2.80481300,2.80551600,2.80531600,2.80511900,2.80504800,2.80483600
16.353380,2.81073300,2.52046700,2.70260700,2.84735500,2.91009900,2.92002000,2.92088300,2.92082200,2.92069900,2.92066700,2.92047200
16.390980,2.83571200,2.62718000,2.80697600,2.96346000,3.04354400,3.05603900,3.05701700,3.05676200,3.05654400,3.05647500,3.05621300
16.428570,2.87528400,2.75974400,2.90757000,3.11744400,3.20382400,3.21534300,3.21611400,3.21576200,3.21551300,3.21543100,3.21517100
16.466160,2.90087900,2.86466900,3.04214900,3.26846000,3.30563500,3.30624600,3.30615400,3.30616700,3.30616700,3.30617500,3.30614000
16.503760,2.82132400,2.95420900,3.20146400,3.29870700,3.22639100,3.20903500,3.20767300,3.20831300,3.20873700,3.20890100,3.20922400
16.541350,2.67036200,3.05878400,3.29067700,3.12783400,2.97481400,2.95029700,2.94842800,2.94915600,2.94966000,2.94983900,2.95027400
16.578950,2.62048800,3.16013200,3.21133000,2.86357900,2.72978200,2.71273900,2.71141000,2.71194500,2.71228400,2.71239100,2.71270100
16.616540,2.71009700,3.20138300,2.99258900,2.64228800,2.52529000,2.50833000,2.50715500,2.50825700,2.50884600,2.50904800,2.50949700
16.654130,2.83039700,3.14596500,2.75270500,2.37935400,2.20230100,2.17496100,2.17322800,2.17520200,2.17627000,2.17665600,2.17743200
16.691730,2.89702900,2.96854000,2.50466300,1.98069600,1.77154600,1.74097100,1.73900400,1.74086000,1.74194000,1.74233800,1.74311300
16.729320,2.93798300,2.72110500,2.15920900,1.56930400,1.39716500,1.37309500,1.37161100,1.37282300,1.37358200,1.37386600,1.37440000
16.766920,2.96662900,2.53010100,1.76898500,1.26548800,1.16754500,1.15454500,1.15384500,1.15440400,1.15477400,1.15490900,1.15516100
16.804510,2.91057100,2.38500500,1.42016600,1.11482100,1.07462600,1.06885200,1.06852700,1.06865300,1.06874100,1.06876000,1.06884100
16.842100,2.84669200,2.13351300,1.19475600,1.05919800,1.02633000,1.02191200,1.02171600,1.02197300,1.02208200,1.02209300,1.02219600
16.879700,2.94198300,1.73397800,1.11096800,0.99547900,0.94994000,0.94444200,0.94437000,0.94510900,0.94544200,0.94553800,0.94574600
16.917290,3.16637100,1.33765400,1.04070700,0.89244700,0.84785600,0.84348400,0.84359100,0.84445500,0.84484700,0.84497500,0.84517200
16.954890,3.37307200,1.07041200,0.92393700,0.80806600,0.81050800,0.81420700,0.81475600,0.81509200,0.81520000,0.81523200,0.81520100
16.992480,3.38862100,0.88596700,0.81792300,0.84145700,0.90765100,0.91944200,0.92036700,0.92012400,0.91992500,0.91985000,0.91959200
17.030080,3.11136900,0.75099200,0.80779600,0.99508000,1.08930000,1.10341400,1.10441300,1.10395800,1.10365900,1.10355200,1.10322100
17.067670,2.63326200,0.71726300,0.93102900,1.19079900,1.28064800,1.29332000,1.29422500,1.29381100,1.29355500,1.29346900,1.29316300
17.105260,2.08332200,0.82793000,1.12163000,1.37294800,1.45104900,1.46218200,1.46298300,1.46262800,1.46241000,1.46234000,1.46206700
17.142850,1.52112400,1.01846300,1.30977100,1.53610000,1.60943300,1.61943300,1.62008200,1.61971500,1.61949200,1.61941500,1.61915300
17.180450,1.06288100,1.20022800,1.48149500,1.68756400,1.74455600,1.75042500,1.75073800,1.75048100,1.75033000,1.75026800,1.75008300
17.218040,0.86043800,1.33049500,1.65533500,1.79278500,1.81059500,1.80962800,1.80955500,1.80963500,1.80966300,1.80965300,1.80962500
17.255640,0.87338600,1.43898700,1.80603100,1.80928700,1.78722400,1.78245000,1.78240100,1.78300600,1.78324600,1.78330400,1.78343800
17.293230,0.94968200,1.57563500,1.86887000,1.74365900,1.69601600,1.69069800,1.69096800,1.69220000,1.69266400,1.69279700,1.69308300
17.330830,1.03295700,1.70208700,1.80766800,1.61832100,1.55800500,1.55309800,1.55348900,1.55492200,1.55547600,1.55564300,1.55597300
17.368420,1.09829800,1.71902900,1.66490700,1.48457700,1.45469900,1.45458900,1.45508300,1.45599500,1.45634200,1.45645000,1.45659800
17.406010,1.11024400,1.58226800,1.51151300,1.43854100,1.44626000,1.44962100,1.45017600,1.45067900,1.45086700,1.45092900,1.45093500
17.443610,1.08967700,1.40374600,1.43062200,1.45999200,1.46368600,1.46546800,1.46594000,1.46648600,1.46673300,1.46682000,1.46684800
17.481200,1.12702200,1.32949600,1.43078800,1.46837800,1.46077100,1.46055400,1.46094300,1.46153600,1.46185000,1.46196500,1.46201700
17.518800,1.19807900,1.33931300,1.43981200,1.45627100,1.44156900,1.43927300,1.43958100,1.44022000,1.44059900,1.44074500,1.44082000
17.556390,1.18513700,1.37270800,1.44233600,1.43160000,1.42757300,1.42795200,1.42836400,1.42881700,1.42907400,1.42917700,1.42916800
17.593980,1.08088800,1.42931700,1.43056800,1.45031000,1.48263700,1.48829900,1.48888300,1.48906000,1.48910700,1.48912900,1.48899200
17.631580,0.92370300,1.45135100,1.44406400,1.53853000,1.58130200,1.58706200,1.58760700,1.58788900,1.58793500,1.58795400,1.58783500
17.669170,0.71229700,1.40383200,1.53217100,1.62131200,1.63674000,1.63852800,1.63900200,1.63982000,1.64005400,1.64013200,1.64017500
17.706770,0.57500900,1.34106100,1.63611400,1.62500700,1.60912400,1.60900700,1.60970800,1.61114400,1.61155300,1.61167100,1.61187500
17.744360,0.59813200,1.31013600,1.65735800,1.56525000,1.54941600,1.55115400,1.55202400,1.55341800,1.55379600,1.55389600,1.55407800
17.781950,0.71157600,1.31949300,1.58050700,1.53329100,1.54916200,1.55443100,1.55522600,1.55592700,1.55611900,1.55617900,1.55618400
17.819550,0.84652000,1.32077900,1.52127600,1.57167400,1.61150300,1.61760000,1.61813100,1.61814700,1.61820600,1.61824700,1.61815300
17.857140,0.95322700,1.32954700,1.52354700,1.62487900,1.66238100,1.66619100,1.66623400,1.66552700,1.66537600,1.66533100,1.66521500
17.894740,1.02792300,1.37467100,1.53585100,1.64430600,1.67109100,1.67381200,1.67348700,1.67212500,1.67161000,1.67135900,1.67118500
17.932330,1.12807000,1.41660600,1.54263100,1.65494200,1.68396000,1.68894700,1.68879700,1.68743600,1.68681500,1.68646400,1.68621900
17.969920,1.27129800,1.43897200,1.57731000,1.70592500,1.74894600,1.75712700,1.75748400,1.75673700,1.75634300,1.75608500,1.75583000
18.007520,1.42879200,1.48273600,1.65981900,1.80975800,1.86779400,1.87792300,1.87873400,1.87872100,1.87863700,1.87854000,1.87832400
18.045110,1.57659900,1.57592500,1.78392400,1.94987900,2.01309100,2.02331000,2.02430600,2.02474700,2.02485900,2.02486400,2.02469400
18.082710,1.70980400,1.71102100,1.93709000,2.09842000,2.15764000,2.16711800,2.16812400,2.16876000,2.16895500,2.16900000,2.16885900
18.120300,1.82341600,1.86441600,2.09931700,2.24187700,2.30027300,2.31022200,2.31128700,2.31197200,2.31217900,2.31222900,2.31207800
18.157890,1.90574600,2.01902700,2.25752900,2.39049700,2.45675100,2.46805900,2.46925000,2.46995200,2.47016000,2.47021100,2.47003500
18.195490,1.98637400,2.17479700,2.41225300,2.55248600,2.62086100,2.63160200,2.63274800,2.63346100,2.63367700,2.63372700,2.63356300
18.233080,2.09723900,2.33728500,2.56618600,2.70463100,2.75498300,2.76161500,2.76239200,2.76302200,2.76321400,2.76323700,2.76314200
18.270680,2.21773600,2.49541700,2.71447000,2.80014300,2.81616500,2.81720400,2.81741000,2.81768900,2.81770900,2.81763800,2.81761300
18.308270,2.32727400,2.62163000,2.82575600,2.81726400,2.80932100,2.80789400,2.80784500,2.80786000,2.80772600,2.80757700,2.80757400
18.345860,2.43436600,2.69407700,2.87078400,2.79752700,2.79050800,2.79050200,2.79084800,2.79138600,2.79151200,2.79148200,2.79150900
18.383460,2.56657100,2.72203500,2.88639900,2.79918100,2.81513400,2.81908100,2.81999600,2.82107500,2.82148100,2.82158300,2.82159500
18.421050,2.74722400,2.74337700,2.90687100,2.85182900,2.87598700,2.87906100,2.87980900,2.88073200,2.88110500,2.88120000,2.88121500
18.458640,2.96399700,2.78855900,2.92042100,2.88432400,2.85494500,2.84627000,2.84558100,2.84543500,2.84540500,2.84534900,2.84547900
18.496240,3.17895400,2.85759100,2.88735200,2.74751900,2.62630800,2.60336400,2.60071300,2.59864400,2.59772600,2.59730800,2.59750400
18.533830,3.32083700,2.93816400,2.69753300,2.41873000,2.27726300,2.25729800,2.25452900,2.25148700,2.24989800,2.24916500,2.24918400
18.571430,3.28293400,2.96129000,2.36609000,2.12800100,2.07100500,2.06736400,2.06635700,2.06447400,2.06327800,2.06267600,2.06251000
18.609020,3.06507800,2.80602300,2.11393000,2.04937600,2.06646600,2.07197100,2.07200500,2.07112600,2.07036400,2.06993000,2.06972000
18.646610,2.85779000,2.51237800,2.05701400,2.09019100,2.11602800,2.12136100,2.12130000,2.12043100,2.11966100,2.11921800,2.11903100
18.684210,2.78130800,2.28164600,2.08956700,2.13401700,2.17398600,2.18287900,2.18341700,2.18321100,2.18276700,2.18246200,2.18225900
18.721800,2.84809900,2.20247500,2.13337700,2.24231000,2.33173300,2.34845000,2.35017200,2.35112100,2.35123100,2.35115100,2.35089200
18.759400,2.94879800,2.20630900,2.25836800,2.46772300,2.59101300,2.61170400,2.61406400,2.61566900,2.61612500,2.61619300,2.61591800
18.796990,2.88860700,2.20326800,2.49283700,2.74940200,2.87247800,2.89099800,2.89329600,2.89507500,2.89577600,2.89599200,2.89579200
18.834590,2.63906100,2.23737400,2.76912500,2.99663000,3.08107200,3.09025500,3.09178500,3.09342400,3.09441100,3.09485000,3.09485200
18.872180,2.35620600,2.38260800,2.99662900,3.12051000,3.13801700,3.13524000,3.13563900,3.13688200,3.13793400,3.13848200,3.13867400
18.909770,2.14850600,2.62734700,3.11130200,3.10749100,3.09101300,3.08676700,3.08681900,3.08768400,3.08833100,3.08865300,3.08878100
18.947370,2.11549500,2.89466300,3.13330000,3.08500500,3.10376400,3.10851100,3.10915400,3.10988800,3.11004800,3.11005700,3.10996800
18.984960,2.21981400,3.08117900,3.16126100,3.16005500,3.19783600,3.20498900,3.20550900,3.20574300,3.20545300,3.20526000,3.20510900
19.022560,2.30644900,3.13063500,3.23656800,3.23595200,3.22382100,3.22275300,3.22234300,3.22202900,3.22157000,3.22137000,3.22140000
19.060150,2.29832600,3.10906100,3.25366800,3.15698600,3.06166000,3.04593100,3.04436400,3.04384900,3.04393100,3.04414400,3.04456700
19.097740,2.12860600,3.06324700,3.04068400,2.85064800,2.69203900,2.66280000,2.66005400,2.65908800,2.65985900,2.66064800,2.66140400
19.135340,1.77512000,2.92433800,2.55347200,2.39855000,2.24281200,2.21375700,2.21092800,2.20966400,2.21048500,2.21139400,2.21212100
19.172930,1.44770100,2.62396100,2.04292800,1.99687200,1.89247600,1.87382000,1.87173100,1.87042800,1.87065700,1.87117600,1.87161000
19.210530,1.36993600,2.23633300,1.72315700,1.74586000,1.66625600,1.65279100,1.65108400,1.64974400,1.64959400,1.64984500,1.65011200
19.248120,1.46395200,1.83264000,1.54136400,1.56269700,1.48698300,1.47703600,1.47603200,1.47532100,1.47536800,1.47559700,1.47580800
19.285710,1.54280900,1.52065800,1.40256100,1.42377100,1.38307300,1.37987400,1.37976600,1.37983100,1.37988900,1.37992500,1.37999800
19.323310,1.53590400,1.39988500,1.35451500,1.36010100,1.34003900,1.33859300,1.33857700,1.33877100,1.33868800,1.33860900,1.33861700
19.360900,1.47054900,1.38305500,1.33537900,1.31748600,1.29618900,1.29174900,1.29127400,1.29130700,1.29135000,1.29144500,1.29152200
19.398490,1.32236800,1.34369700,1.27055100,1.23881400,1.17883300,1.16481100,1.16307800,1.16239200,1.16239000,1.16263500,1.16288200
19.436090,1.09360000,1.22655300,1.18166500,1.05382200,0.92979600,0.90502000,0.90190000,0.90011300,0.89979600,0.90001100,0.90038700
19.473680,0.81116300,1.07864600,1.05042100,0.74875200,0.56832400,0.53653600,0.53259700,0.52999100,0.52959800,0.52983700,0.53032100
19.511280,0.51459200,0.97162000,0.78430800,0.35671100,0.17799000,0.15166500,0.14848500,0.14626700,0.14611200,0.14637400,0.14682400
19.548870,0.27771200,0.91004500,0.35946200,0.02251500,-0.07798200,-0.09004900,-0.09165000,-0.09295400,-0.09310100,-0.09307300,-0.09286500
19.586470,0.18394400,0.82195700,-0.01184900,-0.12297900,-0.14628100,-0.14547600,-0.14571400,-0.14634200,-0.14676000,-0.14706500,-0.14715500
19.624060,0.29661500,0.64386800,-0.15216600,-0.09327400,-0.04342600,-0.02999300,-0.02874900,-0.02847800,-0.02894100,-0.02939100,-0.02971100
19.661650,0.53140900,0.42544200,-0.07692900,0.09021300,0.20313400,0.22578500,0.22831200,0.22966800,0.22959900,0.22929500,0.22890200
19.699250,0.70222300,0.28408500,0.14349000,0.38059300,0.51240800,0.53451900,0.53727000,0.53914900,0.53960500,0.53961300,0.53933200
19.736840,0.64920100,0.28312700,0.40455600,0.65455900,0.73058600,0.73823700,0.73966600,0.74107800,0.74204600,0.74251000,0.74256400
19.774440,0.36861600,0.37193500,0.58739100,0.74084400,0.70799500,0.69526200,0.69468300,0.69512600,0.69649800,0.69742600,0.69788500
19.812030,0.05983700,0.45294300,0.55673700,0.58372400,0.49618000,0.47872300,0.47751800,0.47750800,0.47870900,0.47959900,0.48010700
19.849620,-0.11683100,0.41879700,0.36850800,0.38238300,0.34161600,0.33682100,0.33635000,0.33621200,0.33639700,0.33664100,0.33680100
19.887220,-0.17157300,0.23391500,0.26557300,0.33152600,0.35460500,0.36202700,0.36229000,0.36207600,0.36131800,0.36098700,0.36083100
19.924810,-0.13619900,0.07470500,0.33906900,0.42305200,0.48244000,0.49484800,0.49558000,0.49560400,0.49477500,0.49431800,0.49405500
19.962400,-0.01374600,0.12286000,0.51117500,0.57382700,0.61563200,0.62063500,0.62043500,0.61982000,0.61896000,0.61848100,0.61829000
20.000000,0.16845800,0.34486100,0.67763300,0.64055600,0.59806000,0.58602400,0.58371800,0.58155300,0.58036800,0.57981100,0.57977100
