E[1] [eV],Im(eps)_nbnd_30,Im(eps)_nbnd_40,Im(eps)_nbnd_50,Im(eps)_nbnd_60,Im(eps)_nbnd_70,Im(eps)_nbnd_80,Im(eps)_nbnd_90,Im(eps)_nbnd_100,Im(eps)_nbnd_110,Im(eps)_nbnd_120,Im(eps)_nbnd_130
5.000000,0.01258300,0.01085400,0.01051900,0.01046700,0.01049900,0.01050300,0.01050400,0.01050400,0.01050400,0.01050400,0.01050400
5.037593,0.01269500,0.01094300,0.01060500,0.01055200,0.01058400,0.01058800,0.01058900,0.01058900,0.01058900,0.01058900,0.01058800
5.075188,0.01281000,0.01103400,0.01069100,0.01063800,0.01067100,0.01067500,0.01067600,0.01067500,0.01067500,0.01067500,0.01067500
5.112782,0.01292700,0.01112600,0.01078000,0.01072600,0.01075900,0.01076400,0.01076400,0.01076400,0.01076400,0.01076400,0.01076400
5.150376,0.01304600,0.01122100,0.01087000,0.01081500,0.01085000,0.01085400,0.01085400,0.01085400,0.01085400,0.01085400,0.01085400
5.187970,0.01316800,0.01131800,0.01096200,0.01090700,0.01094200,0.01094600,0.01094700,0.01094600,0.01094600,0.01094600,0.01094600
5.225564,0.01329300,0.01141600,0.01105700,0.01100000,0.01103600,0.01104000,0.01104100,0.01104100,0.01104100,0.01104100,0.01104000
5.263157,0.01342100,0.01151700,0.01115300,0.01109600,0.01113200,0.01113600,0.01113700,0.01113700,0.01113700,0.01113700,0.01113600
5.300752,0.01355200,0.01162000,0.01125100,0.01119300,0.01123000,0.01123500,0.01123500,0.01123500,0.01123500,0.01123500,0.01123500
5.338346,0.01368500,0.01172500,0.01135100,0.01129300,0.01133000,0.01133500,0.01133500,0.01133500,0.01133500,0.01133500,0.01133500
5.375940,0.01382200,0.01183200,0.01145300,0.01139400,0.01143200,0.01143700,0.01143800,0.01143700,0.01143700,0.01143700,0.01143700
5.413534,0.01396200,0.01194200,0.01155800,0.01149800,0.01153700,0.01154200,0.01154200,0.01154200,0.01154200,0.01154200,0.01154200
5.451128,0.01410500,0.01205400,0.01166500,0.01160400,0.01164400,0.01164800,0.01164900,0.01164900,0.01164900,0.01164900,0.01164900
5.488721,0.01425100,0.01216900,0.01177400,0.01171300,0.01175300,0.01175800,0.01175800,0.01175800,0.01175800,0.01175800,0.01175800
5.526316,0.01440100,0.01228600,0.01188600,0.01182300,0.01186400,0.01186900,0.01187000,0.01186900,0.01186900,0.01186900,0.01186900
5.563910,0.01455400,0.01240600,0.01200000,0.01193600,0.01197800,0.01198300,0.01198400,0.01198400,0.01198300,0.01198300,0.01198300
5.601503,0.01471100,0.01252800,0.01211600,0.01205200,0.01209500,0.01210000,0.01210000,0.01210000,0.01210000,0.01210000,0.01210000
5.639097,0.01487200,0.01265300,0.01223500,0.01217000,0.01221400,0.01221900,0.01221900,0.01221900,0.01221900,0.01221900,0.01221900
5.676692,0.01503700,0.01278100,0.01235700,0.01229100,0.01233600,0.01234100,0.01234100,0.01234100,0.01234100,0.01234100,0.01234100
5.714285,0.01520600,0.01291200,0.01248200,0.01241500,0.01246000,0.01246600,0.01246600,0.01246600,0.01246600,0.01246600,0.01246600
5.751880,0.01537900,0.01304700,0.01261000,0.01254200,0.01258800,0.01259300,0.01259400,0.01259400,0.01259400,0.01259400,0.01259300
5.789474,0.01555700,0.01318400,0.01274000,0.01267100,0.01271800,0.01272400,0.01272400,0.01272400,0.01272400,0.01272400,0.01272400
5.827067,0.01573900,0.01332400,0.01287400,0.01280400,0.01285200,0.01285700,0.01285800,0.01285800,0.01285800,0.01285800,0.01285800
5.864661,0.01592600,0.01346800,0.01301100,0.01294000,0.01298800,0.01299400,0.01299500,0.01299500,0.01299500,0.01299500,0.01299400
5.902255,0.01611800,0.01361500,0.01315100,0.01307900,0.01312800,0.01313400,0.01313500,0.01313500,0.01313500,0.01313500,0.01313500
5.939849,0.01631400,0.01376600,0.01329400,0.01322100,0.01327200,0.01327800,0.01327800,0.01327800,0.01327800,0.01327800,0.01327800
5.977444,0.01651600,0.01392100,0.01344100,0.01336700,0.01341900,0.01342500,0.01342500,0.01342500,0.01342500,0.01342500,0.01342500
6.015037,0.01672300,0.01407900,0.01359200,0.01351600,0.01356900,0.01357500,0.01357600,0.01357600,0.01357600,0.01357600,0.01357600
6.052631,0.01693600,0.01424200,0.01374600,0.01366900,0.01372400,0.01373000,0.01373100,0.01373000,0.01373000,0.01373000,0.01373000
6.090225,0.01715500,0.01440800,0.01390400,0.01382600,0.01388200,0.01388800,0.01388900,0.01388900,0.01388900,0.01388900,0.01388800
6.127820,0.01738000,0.01457900,0.01406600,0.01398700,0.01404400,0.01405000,0.01405100,0.01405100,0.01405100,0.01405100,0.01405100
6.165413,0.01761100,0.01475400,0.01423300,0.01415200,0.01421000,0.01421700,0.01421700,0.01421700,0.01421700,0.01421700,0.01421700
6.203007,0.01784900,0.01493400,0.01440300,0.01432100,0.01438100,0.01438800,0.01438800,0.01438800,0.01438800,0.01438800,0.01438800
6.240601,0.01809300,0.01511800,0.01457800,0.01449500,0.01455600,0.01456300,0.01456300,0.01456300,0.01456300,0.01456300,0.01456300
6.278195,0.01834500,0.01530700,0.01475800,0.01467300,0.01473600,0.01474300,0.01474300,0.01474300,0.01474300,0.01474300,0.01474300
6.315789,0.01860400,0.01550200,0.01494300,0.01485600,0.01492000,0.01492700,0.01492800,0.01492800,0.01492800,0.01492800,0.01492800
6.353383,0.01887100,0.01570200,0.01513200,0.01504400,0.01511000,0.01511700,0.01511800,0.01511800,0.01511800,0.01511800,0.01511700
6.390977,0.01914600,0.01590700,0.01532700,0.01523700,0.01530400,0.01531200,0.01531300,0.01531300,0.01531300,0.01531300,0.01531200
6.428571,0.01943000,0.01611800,0.01552700,0.01543600,0.01550500,0.01551200,0.01551300,0.01551300,0.01551300,0.01551300,0.01551300
6.466165,0.01972200,0.01633500,0.01573300,0.01564000,0.01571000,0.01571800,0.01571900,0.01571900,0.01571900,0.01571900,0.01571900
6.503759,0.02002400,0.01655800,0.01594400,0.01584900,0.01592200,0.01593000,0.01593100,0.01593100,0.01593100,0.01593100,0.01593100
6.541353,0.02033500,0.01678800,0.01616200,0.01606500,0.01614000,0.01614800,0.01614900,0.01614900,0.01614900,0.01614900,0.01614900
6.578947,0.02065600,0.01702400,0.01638600,0.01628700,0.01636400,0.01637200,0.01637300,0.01637300,0.01637300,0.01637300,0.01637300
6.616541,0.02098800,0.01726800,0.01661700,0.01651600,0.01659500,0.01660300,0.01660400,0.01660400,0.01660400,0.01660400,0.01660400
6.654135,0.02133100,0.01751900,0.01685400,0.01675200,0.01683300,0.01684100,0.01684200,0.01684200,0.01684200,0.01684200,0.01684200
6.691729,0.02168600,0.01777700,0.01709900,0.01699400,0.01707800,0.01708600,0.01708700,0.01708700,0.01708700,0.01708700,0.01708700
6.729323,0.02205400,0.01804300,0.01735100,0.01724400,0.01733000,0.01733900,0.01734000,0.01734000,0.01734000,0.01734000,0.01734000
6.766917,0.02243400,0.01831800,0.01761100,0.01750200,0.01759100,0.01760000,0.01760100,0.01760100,0.01760100,0.01760100,0.01760100
6.804511,0.02282800,0.01860200,0.01788000,0.01776800,0.01785900,0.01786900,0.01787000,0.01787000,0.01787000,0.01787000,0.01787000
6.842104,0.02323600,0.01889500,0.01815700,0.01804300,0.01813700,0.01814600,0.01814800,0.01814800,0.01814800,0.01814800,0.01814700
6.879699,0.02365900,0.01919700,0.01844300,0.01832700,0.01842300,0.01843300,0.01843400,0.01843400,0.01843400,0.01843500,0.01843400
6.917293,0.02409900,0.01951000,0.01873900,0.01862000,0.01871900,0.01873000,0.01873100,0.01873100,0.01873100,0.01873100,0.01873100
6.954887,0.02455500,0.01983300,0.01904400,0.01892300,0.01902600,0.01903600,0.01903700,0.01903700,0.01903700,0.01903700,0.01903700
6.992481,0.02503000,0.02016700,0.01936000,0.01923600,0.01934200,0.01935300,0.01935400,0.01935400,0.01935400,0.01935400,0.01935400
7.030074,0.02552400,0.02051300,0.01968700,0.01956000,0.01967000,0.01968100,0.01968200,0.01968200,0.01968200,0.01968300,0.01968200
7.067669,0.02603800,0.02087200,0.02002600,0.01989600,0.02000900,0.02002100,0.02002200,0.02002200,0.02002200,0.02002200,0.02002200
7.105263,0.02657300,0.02124300,0.02037700,0.02024400,0.02036100,0.02037300,0.02037400,0.02037400,0.02037500,0.02037500,0.02037400
7.142857,0.02713200,0.02162800,0.02074100,0.02060400,0.02072600,0.02073800,0.02074000,0.02074000,0.02074000,0.02074000,0.02074000
7.180451,0.02771500,0.02202800,0.02111900,0.02097900,0.02110500,0.02111700,0.02111900,0.02111900,0.02111900,0.02111900,0.02111900
7.218045,0.02832400,0.02244300,0.02151100,0.02136700,0.02149800,0.02151100,0.02151200,0.02151200,0.02151300,0.02151300,0.02151300
7.255639,0.02896200,0.02287400,0.02191900,0.02177100,0.02190700,0.02192000,0.02192200,0.02192200,0.02192200,0.02192200,0.02192200
7.293232,0.02963000,0.02332300,0.02234300,0.02219100,0.02233200,0.02234500,0.02234700,0.02234700,0.02234700,0.02234800,0.02234700
7.330826,0.03033000,0.02379000,0.02278400,0.02262800,0.02277500,0.02278800,0.02279000,0.02279000,0.02279100,0.02279100,0.02279000
7.368421,0.03106500,0.02427600,0.02324300,0.02308300,0.02323600,0.02325000,0.02325200,0.02325200,0.02325200,0.02325300,0.02325200
7.406014,0.03183800,0.02478300,0.02372200,0.02355800,0.02371700,0.02373100,0.02373300,0.02373400,0.02373400,0.02373400,0.02373400
7.443608,0.03265200,0.02531300,0.02422200,0.02405300,0.02421900,0.02423400,0.02423600,0.02423600,0.02423600,0.02423700,0.02423600
7.481203,0.03351100,0.02586500,0.02474500,0.02457000,0.02474300,0.02475900,0.02476100,0.02476200,0.02476200,0.02476200,0.02476200
7.518797,0.03441800,0.02644400,0.02529100,0.02511200,0.02529200,0.02530900,0.02531100,0.02531100,0.02531200,0.02531200,0.02531200
7.556391,0.03537900,0.02704900,0.02586300,0.02567800,0.02586700,0.02588400,0.02588700,0.02588700,0.02588700,0.02588800,0.02588800
7.593984,0.03639700,0.02768300,0.02646300,0.02627300,0.02647100,0.02648800,0.02649100,0.02649100,0.02649100,0.02649200,0.02649100
7.631578,0.03747900,0.02834900,0.02709300,0.02689600,0.02710400,0.02712200,0.02712500,0.02712500,0.02712600,0.02712600,0.02712600
7.669173,0.03863300,0.02904800,0.02775500,0.02755200,0.02777000,0.02778900,0.02779200,0.02779200,0.02779300,0.02779400,0.02779300
7.706767,0.03986500,0.02978500,0.02845200,0.02824300,0.02847200,0.02849200,0.02849400,0.02849500,0.02849600,0.02849700,0.02849600
7.744360,0.04118500,0.03056000,0.02918700,0.02897100,0.02921200,0.02923300,0.02923600,0.02923700,0.02923700,0.02923800,0.02923800
7.781955,0.04260300,0.03138000,0.02996400,0.02974000,0.02999500,0.03001700,0.03002000,0.03002100,0.03002100,0.03002200,0.03002200
7.819549,0.04413300,0.03224600,0.03078600,0.03055500,0.03082400,0.03084700,0.03085000,0.03085100,0.03085200,0.03085300,0.03085200
7.857142,0.04579000,0.03316300,0.03165800,0.03141900,0.03170400,0.03172800,0.03173100,0.03173200,0.03173300,0.03173500,0.03173400
7.894736,0.04759200,0.03413700,0.03258500,0.03233800,0.03264100,0.03266500,0.03266900,0.03267000,0.03267100,0.03267300,0.03267200
7.932330,0.04956200,0.03517400,0.03357300,0.03331700,0.03364000,0.03366500,0.03366900,0.03367100,0.03367200,0.03367300,0.03367300
7.969924,0.05172900,0.03628000,0.03462900,0.03436400,0.03470800,0.03473500,0.03474000,0.03474100,0.03474300,0.03474400,0.03474300
8.007519,0.05412800,0.03746200,0.03576100,0.03548700,0.03585500,0.03588300,0.03588800,0.03589000,0.03589200,0.03589300,0.03589200
8.045113,0.05680600,0.03873100,0.03697800,0.03669500,0.03709000,0.03712000,0.03712500,0.03712700,0.03712900,0.03713100,0.03713000
8.082706,0.05982300,0.04009600,0.03829200,0.03799900,0.03842500,0.03845700,0.03846300,0.03846500,0.03846700,0.03847000,0.03846800
8.120299,0.06326000,0.04157000,0.03971700,0.03941500,0.03987600,0.03991000,0.03991600,0.03991900,0.03992100,0.03992400,0.03992200
8.157894,0.06723000,0.04316800,0.04127000,0.04095800,0.04146000,0.04149600,0.04150300,0.04150600,0.04150800,0.04151100,0.04151000
8.195488,0.07189000,0.04491000,0.04297100,0.04265100,0.04319900,0.04323800,0.04324600,0.04324900,0.04325200,0.04325600,0.04325400
8.233082,0.07747200,0.04681700,0.04484600,0.04451900,0.04512300,0.04516500,0.04517300,0.04517800,0.04518100,0.04518500,0.04518400
8.270677,0.08432700,0.04891900,0.04692900,0.04659900,0.04726800,0.04731400,0.04732300,0.04732800,0.04733200,0.04733700,0.04733500
8.308270,0.09300600,0.05125100,0.04926400,0.04893400,0.04968300,0.04973300,0.04974300,0.04975000,0.04975500,0.04976000,0.04975800
8.345864,0.10440700,0.05385900,0.05190900,0.05158600,0.05243300,0.05248800,0.05250000,0.05250800,0.05251400,0.05252000,0.05251800
8.383458,0.12001000,0.05680600,0.05494300,0.05463800,0.05560900,0.05567100,0.05568500,0.05569400,0.05570100,0.05570900,0.05570600
8.421052,0.14218600,0.06017300,0.05847700,0.05820900,0.05934000,0.05941000,0.05942700,0.05943800,0.05944700,0.05945700,0.05945300
8.458646,0.17394000,0.06407500,0.06267200,0.06247100,0.06381600,0.06389700,0.06391700,0.06393100,0.06394300,0.06395500,0.06395100
8.496240,0.21509600,0.06867800,0.06777000,0.06768600,0.06932600,0.06942300,0.06944700,0.06946600,0.06948200,0.06949800,0.06949200
8.533834,0.25075000,0.07422300,0.07414500,0.07426300,0.07632800,0.07644700,0.07647900,0.07650400,0.07652600,0.07654700,0.07654000
8.571428,0.25578400,0.08108400,0.08240100,0.08286900,0.08557200,0.08572300,0.08576600,0.08580100,0.08583300,0.08586300,0.08585300
8.609021,0.23813700,0.08985400,0.09353200,0.09460800,0.09829700,0.09850000,0.09856000,0.09861100,0.09865700,0.09870000,0.09868600
8.646616,0.22479300,0.10150500,0.10917500,0.11127600,0.11648600,0.11676800,0.11685400,0.11693000,0.11700000,0.11706400,0.11704300
8.684210,0.22608500,0.11763100,0.13171800,0.13532900,0.14258800,0.14297200,0.14309200,0.14320000,0.14330100,0.14339200,0.14336200
8.721804,0.24294400,0.14060800,0.16285400,0.16760700,0.17610700,0.17652900,0.17666500,0.17678600,0.17690100,0.17700200,0.17696700
8.759398,0.27673400,0.17245300,0.19644700,0.19866600,0.20382200,0.20402100,0.20408900,0.20414200,0.20419900,0.20424000,0.20422000
8.796992,0.33244600,0.20843500,0.21159700,0.20666200,0.20515600,0.20501400,0.20497400,0.20492000,0.20488200,0.20483200,0.20483800
8.834586,0.42046300,0.22875200,0.20034700,0.19138100,0.18805400,0.18785900,0.18779800,0.18772300,0.18765900,0.18759300,0.18760700
8.872180,0.55752100,0.22240900,0.18394700,0.17542300,0.17438700,0.17432600,0.17430200,0.17426000,0.17422000,0.17418300,0.17419300
8.909773,0.75812800,0.20949800,0.17711300,0.16970600,0.17167400,0.17176700,0.17178700,0.17178400,0.17177200,0.17176900,0.17177300
8.947368,0.98633200,0.20684800,0.18193900,0.17485500,0.17979800,0.18003700,0.18009900,0.18013300,0.18014400,0.18017200,0.18017100
8.984962,1.08879600,0.21804900,0.19810000,0.19033900,0.19862700,0.19902500,0.19913300,0.19920300,0.19923700,0.19929800,0.19929200
9.022555,0.97150900,0.24399000,0.22694800,0.21737500,0.23010500,0.23071000,0.23087800,0.23099600,0.23105800,0.23115900,0.23114800
9.060150,0.78272400,0.28793400,0.27275800,0.25982400,0.27917400,0.28008400,0.28034200,0.28052900,0.28062800,0.28078900,0.28077100
9.097744,0.65049800,0.35742200,0.34397300,0.32531700,0.35506600,0.35644900,0.35684700,0.35714000,0.35729700,0.35755000,0.35752200
9.135338,0.59559800,0.46560600,0.45430600,0.42657500,0.47210200,0.47418100,0.47478800,0.47523700,0.47548000,0.47586800,0.47582400
9.172933,0.60832500,0.62788200,0.61751100,0.57845300,0.64196800,0.64474200,0.64555900,0.64616600,0.64649500,0.64702000,0.64696400
9.210526,0.67257900,0.83335700,0.81250200,0.77125500,0.83178500,0.83407000,0.83476000,0.83526200,0.83553800,0.83597300,0.83594300
9.248120,0.75189400,0.97858000,0.92085600,0.90625600,0.91148300,0.91113700,0.91107900,0.91100300,0.91097000,0.91091000,0.91096700
9.285713,0.82270800,0.94134500,0.84181300,0.86020800,0.81075300,0.80856000,0.80795500,0.80746800,0.80721200,0.80679500,0.80690300
9.323307,0.92188100,0.80758600,0.68349200,0.70837000,0.65740800,0.65561700,0.65508400,0.65465900,0.65443300,0.65406700,0.65415400
9.360902,1.04563300,0.71874000,0.56603800,0.58460500,0.55428500,0.55361600,0.55334900,0.55313600,0.55301700,0.55282600,0.55287300
9.398496,1.09822000,0.71975900,0.51486700,0.52754900,0.51777600,0.51824300,0.51823400,0.51822600,0.51821100,0.51818800,0.51819900
9.436090,1.04271200,0.80775900,0.52523000,0.53491200,0.54325900,0.54488500,0.54512000,0.54530900,0.54539100,0.54552400,0.54550400
9.473684,0.95361300,0.93494200,0.59477000,0.60316100,0.62749000,0.63021500,0.63066700,0.63103200,0.63120100,0.63147300,0.63142500
9.511277,0.92134700,0.98129800,0.71379400,0.71799100,0.74774200,0.75060000,0.75106300,0.75144300,0.75162600,0.75190300,0.75185700
9.548872,0.98841000,0.89506800,0.82627800,0.81662800,0.82969200,0.83090500,0.83102400,0.83113500,0.83120000,0.83125600,0.83125500
9.586466,1.13200100,0.78319800,0.85641500,0.83206600,0.82747200,0.82728000,0.82711700,0.82699900,0.82696300,0.82682700,0.82686700
9.624060,1.23107400,0.72935900,0.81960100,0.79260000,0.78315300,0.78246400,0.78222500,0.78203200,0.78195100,0.78174400,0.78179100
9.661654,1.17460700,0.72634200,0.76344500,0.73834700,0.73336400,0.73302900,0.73286300,0.73271100,0.73263300,0.73245400,0.73248400
9.699247,1.06373300,0.72849700,0.73764400,0.71035500,0.72357000,0.72481000,0.72489100,0.72492300,0.72492000,0.72488600,0.72486700
9.736841,1.03191500,0.74015700,0.78011800,0.74804300,0.78529800,0.78845400,0.78881600,0.78905600,0.78913900,0.78926300,0.78919200
9.774436,1.12113700,0.80747600,0.88243700,0.85203100,0.90588400,0.91005800,0.91055700,0.91087500,0.91099300,0.91116800,0.91107100
9.812029,1.31311100,0.93442500,0.99924900,0.98002100,1.02899100,1.03220000,1.03256500,1.03274500,1.03281600,1.03288800,1.03282000
9.849624,1.48731200,1.03326800,1.06925600,1.06333400,1.07064400,1.07009100,1.06998300,1.06979000,1.06972900,1.06955600,1.06958500
9.887218,1.48330800,0.99783200,1.01144700,1.02016100,0.97446200,0.97051300,0.96999400,0.96949800,0.96932400,0.96896200,0.96907100
9.924811,1.35978500,0.89570800,0.86595400,0.88014100,0.82940100,0.82586600,0.82541400,0.82497600,0.82481400,0.82450000,0.82459200
9.962406,1.22227900,0.84581500,0.75016000,0.76286700,0.73722700,0.73577500,0.73559900,0.73535900,0.73525900,0.73508000,0.73511500
9.999999,1.07550200,0.89159600,0.70843600,0.71986700,0.72367900,0.72446200,0.72457900,0.72453800,0.72449800,0.72445000,0.72442500
10.037590,0.96103200,1.04246700,0.74470500,0.75727500,0.79179100,0.79493500,0.79536900,0.79552000,0.79553300,0.79561000,0.79552100
10.075190,0.91761900,1.27155900,0.86510600,0.88078900,0.94891600,0.95457900,0.95535300,0.95569500,0.95575300,0.95594600,0.95578800
10.112780,0.95145100,1.44336600,1.07539700,1.09133600,1.18229700,1.18915000,1.19007700,1.19048500,1.19054600,1.19077600,1.19058400
10.150380,1.06733900,1.39966600,1.32131100,1.32320400,1.38107600,1.38424500,1.38466700,1.38476800,1.38474700,1.38480600,1.38471500
10.187970,1.28586800,1.20389500,1.42186900,1.40243900,1.37089000,1.36747400,1.36702600,1.36667000,1.36657100,1.36638700,1.36648800
10.225560,1.64911800,1.02286300,1.28608800,1.26516200,1.19099400,1.18579200,1.18511300,1.18466700,1.18457900,1.18435300,1.18450800
10.263160,2.20778200,0.93283100,1.08797600,1.08070900,1.02911300,1.02624500,1.02586700,1.02559800,1.02556300,1.02543800,1.02552600
10.300750,2.92978400,0.94081700,0.96990600,0.98036200,0.96891600,0.96923200,0.96926400,0.96922300,0.96924900,0.96925000,0.96924900
10.338350,3.53641900,1.04876400,0.95941400,0.99133000,1.02154000,1.02521000,1.02567500,1.02587100,1.02597200,1.02610900,1.02601700
10.375940,3.74442000,1.27418300,1.05878500,1.11938300,1.19457900,1.20197300,1.20292300,1.20338200,1.20357400,1.20386600,1.20367600
10.413530,3.67273800,1.63322800,1.27912900,1.37326200,1.48868800,1.49911300,1.50044000,1.50108700,1.50135600,1.50176100,1.50149200
10.451130,3.52899100,2.05636000,1.61071600,1.71255200,1.81835700,1.82697800,1.82800800,1.82842500,1.82863100,1.82889800,1.82867500
10.488720,3.30218000,2.31559900,1.93115900,1.96046600,1.97740400,1.97826000,1.97818200,1.97788000,1.97783600,1.97767400,1.97763700
10.526310,2.86824000,2.29237400,2.03926900,1.94406600,1.87414000,1.86853600,1.86752900,1.86662400,1.86631900,1.86579200,1.86589300
10.563910,2.39484400,2.18744200,1.91494000,1.74165700,1.66289700,1.65771700,1.65668000,1.65566900,1.65523500,1.65465800,1.65471500
10.601500,1.98407400,2.19888100,1.75335700,1.57772600,1.54934500,1.54914200,1.54862000,1.54774800,1.54724000,1.54678000,1.54666900
10.639100,1.61132100,2.32160800,1.74187700,1.58039000,1.61531500,1.62102500,1.62105000,1.62023800,1.61958900,1.61920500,1.61889300
10.676690,1.32278000,2.37691100,1.92747600,1.76509200,1.85405300,1.86479100,1.86520400,1.86429800,1.86344500,1.86304700,1.86255100
10.714280,1.14182100,2.28693500,2.23755800,2.08530800,2.19988600,2.21233200,2.21298600,2.21211400,2.21123000,2.21085600,2.21030800
10.751880,1.05131900,2.20219600,2.51810100,2.42993900,2.52225900,2.53130000,2.53201900,2.53154200,2.53098600,2.53078800,2.53039400
10.789470,1.03299000,2.22749400,2.68121700,2.66781500,2.70073600,2.70331300,2.70363800,2.70342600,2.70319800,2.70310300,2.70294500
10.827070,1.08012900,2.18761000,2.64285600,2.68668300,2.60732800,2.59866600,2.59797100,2.59795900,2.59815700,2.59810900,2.59833800
10.864660,1.19918000,1.89662300,2.29970000,2.35778200,2.19423900,2.17801400,2.17678200,2.17711400,2.17774300,2.17782400,2.17835000
10.902250,1.41191900,1.52297000,1.81806200,1.85393100,1.70456800,1.69009100,1.68906800,1.68949100,1.69014200,1.69027300,1.69076500
10.939850,1.76010000,1.24706000,1.41492100,1.43581600,1.33604700,1.32653400,1.32588700,1.32618600,1.32662900,1.32672800,1.32705200
10.977440,2.30463900,1.09284600,1.15247500,1.16849400,1.11095900,1.10564300,1.10529500,1.10546100,1.10570800,1.10576300,1.10594000
11.015040,3.08736200,1.03698200,1.00592700,1.02212800,0.99487000,0.99259900,0.99247000,0.99254000,0.99264400,0.99266900,0.99273700
11.052630,4.02821600,1.06403500,0.94413900,0.96400000,0.95997700,0.96010100,0.96015200,0.96015500,0.96015100,0.96015500,0.96013900
11.090220,4.81352300,1.17575400,0.95024000,0.97762300,0.99490800,0.99730000,0.99753500,0.99748300,0.99738300,0.99737300,0.99727600
11.127820,4.91596800,1.39109500,1.02199200,1.06245000,1.10377300,1.10880200,1.10925900,1.10915800,1.10895100,1.10893100,1.10874000
11.165410,4.37156500,1.73795600,1.17133600,1.23318900,1.30604300,1.31457700,1.31534400,1.31518200,1.31483700,1.31480800,1.31449100
11.203010,3.88149000,2.21496100,1.42563800,1.51852300,1.63354200,1.64670800,1.64787100,1.64762000,1.64708500,1.64703800,1.64655300
11.240600,3.79721000,2.75047200,1.82290600,1.94434000,2.10544400,2.12348000,2.12497700,2.12455500,2.12377400,2.12366400,2.12300500
11.278190,3.92392800,3.29109700,2.37868100,2.49052700,2.68723000,2.70924100,2.71082500,2.71007700,2.70897600,2.70871500,2.70790100
11.315790,3.80730900,3.82440700,3.05045700,3.11664400,3.34105100,3.36682600,3.36840400,3.36723200,3.36576300,3.36529200,3.36434700
11.353380,3.42312000,4.23218100,3.77829700,3.79338100,3.99705800,4.02054700,4.02181200,4.02054100,4.01910400,4.01858900,4.01772800
11.390980,3.16773600,4.30271300,4.35300000,4.30565500,4.38381300,4.39157800,4.39191000,4.39138500,4.39087700,4.39068700,4.39041800
11.428570,3.15588100,4.12549100,4.42563300,4.33658600,4.25087200,4.23906500,4.23824900,4.23861700,4.23919200,4.23939400,4.23980300
11.466160,3.06661000,3.94126400,4.05586200,3.92863200,3.76038400,3.74170000,3.74018300,3.74040200,3.74103300,3.74117300,3.74171300
11.503760,2.62240300,3.54755600,3.58520400,3.43084000,3.28575900,3.27267400,3.27127900,3.27089000,3.27097500,3.27085500,3.27110800
11.541350,2.06563900,2.92109300,3.23629700,3.09447400,2.99857500,2.99028900,2.98919100,2.98857400,2.98841200,2.98818900,2.98826500
11.578950,1.65521400,2.35997400,2.97056500,2.84140700,2.72608000,2.71338300,2.71225500,2.71224600,2.71261200,2.71262700,2.71293900
11.616540,1.43142100,1.98490300,2.58488400,2.47177100,2.33523200,2.32016800,2.31915600,2.31965600,2.32041600,2.32063800,2.32111400
11.654130,1.37049300,1.81557500,2.17861900,2.08928300,1.99584600,1.98640900,1.98581200,1.98607900,1.98655100,1.98668200,1.98696700
11.691730,1.44980400,1.85823700,1.95194100,1.88000900,1.85575900,1.85453900,1.85442300,1.85415100,1.85407900,1.85399700,1.85396300
11.729320,1.59942100,2.07614600,1.95962000,1.89599500,1.93784800,1.94413700,1.94445100,1.94365200,1.94307300,1.94278700,1.94245300
11.766920,1.62377100,2.28053700,2.15278100,2.09923900,2.17155600,2.18005500,2.18053400,2.17969300,2.17905300,2.17875500,2.17835500
11.804510,1.41208200,2.18705900,2.31856500,2.29895800,2.31205200,2.31173600,2.31184200,2.31197100,2.31218500,2.31227500,2.31229800
11.842100,1.13217200,1.87034000,2.19281700,2.21778700,2.14311000,2.13323600,2.13290900,2.13396700,2.13501000,2.13546600,2.13592900
11.879700,0.92022900,1.58293500,1.88307000,1.91363100,1.81871800,1.80775400,1.80730700,1.80829900,1.80931500,1.80972900,1.81021900
11.917290,0.78990700,1.37317200,1.60821500,1.60575000,1.52775400,1.51971100,1.51934500,1.51989000,1.52053400,1.52075100,1.52108400
11.954890,0.72206400,1.23711800,1.41531400,1.38830300,1.34706800,1.34378300,1.34372400,1.34391200,1.34419900,1.34425600,1.34440100
11.992480,0.70230500,1.20314700,1.32685800,1.29828300,1.29506300,1.29587500,1.29611300,1.29608600,1.29612800,1.29608500,1.29608900
12.030070,0.72602400,1.25049700,1.32623700,1.30303900,1.30659100,1.30701400,1.30713100,1.30711500,1.30714500,1.30710100,1.30712100
12.067670,0.79811600,1.26290000,1.29491400,1.27821500,1.24512800,1.24071100,1.24029700,1.24048300,1.24070700,1.24075800,1.24093600
12.105260,0.93335300,1.14678900,1.15061400,1.14161200,1.08774700,1.08170900,1.08111500,1.08136600,1.08164900,1.08174100,1.08196400
12.142860,1.15696300,0.98983900,0.98365700,0.98262500,0.94451000,0.94077000,0.94038500,0.94054100,0.94071500,0.94077600,0.94091800
12.180450,1.50437600,0.88840600,0.87783400,0.88505100,0.87285500,0.87224500,0.87214400,0.87217300,0.87220600,0.87221800,0.87225600
12.218040,1.98709800,0.86037900,0.84734800,0.86441500,0.87862300,0.88122700,0.88140800,0.88130600,0.88119500,0.88115800,0.88109200
12.255640,2.42859900,0.90013000,0.89115800,0.92150900,0.96524900,0.97159400,0.97208900,0.97183800,0.97155800,0.97146200,0.97127900
12.293230,2.43774700,1.01642500,1.01805400,1.06684300,1.14844300,1.15969000,1.16058400,1.16013600,1.15963500,1.15946200,1.15913000
12.330830,2.03130300,1.24017200,1.24987900,1.32376600,1.45367500,1.47092200,1.47229700,1.47160800,1.47084000,1.47057100,1.47006000
12.368420,1.60373400,1.60374700,1.61001700,1.70849600,1.87056500,1.89019900,1.89175800,1.89096200,1.89008800,1.88978800,1.88920800
12.406010,1.31941600,2.05810600,2.03672600,2.11111100,2.19844900,2.20532600,2.20585800,2.20551000,2.20518600,2.20509400,2.20489500
12.443610,1.17295600,2.32042800,2.23580600,2.20146600,2.11790100,2.10482900,2.10380100,2.10415900,2.10468400,2.10490100,2.10528300
12.481200,1.15157000,2.13190200,1.99933500,1.89328300,1.74459400,1.72740300,1.72606300,1.72658900,1.72729200,1.72757000,1.72807000
12.518800,1.25663800,1.74247700,1.60631100,1.52078400,1.41364900,1.40274200,1.40188300,1.40223000,1.40268600,1.40287400,1.40319500
12.556390,1.48244500,1.45655600,1.32373500,1.28773800,1.24127500,1.23781300,1.23751800,1.23764900,1.23781800,1.23790300,1.23801600
12.593980,1.74005700,1.34840500,1.20201000,1.21577500,1.22446000,1.22780900,1.22801900,1.22795500,1.22786200,1.22785800,1.22778400
12.631580,1.83499400,1.41511000,1.22941000,1.29025700,1.34685500,1.35612800,1.35674500,1.35646100,1.35610300,1.35600400,1.35575800
12.669170,1.76169200,1.64304200,1.39901500,1.48794500,1.57060900,1.58267100,1.58339000,1.58281400,1.58218700,1.58196500,1.58160700
12.706770,1.69847800,1.93764100,1.67895900,1.73571400,1.80418100,1.81381400,1.81424600,1.81353700,1.81283700,1.81255200,1.81222500
12.744360,1.69256900,2.04883100,1.92514900,1.90732700,1.92223800,1.92305300,1.92294600,1.92276400,1.92257900,1.92250300,1.92246200
12.781950,1.72581900,1.87499500,1.93608700,1.87411500,1.81476600,1.80481000,1.80412000,1.80460600,1.80507900,1.80527800,1.80558200
12.819550,1.87238400,1.62780900,1.72851600,1.65103000,1.55701400,1.54428500,1.54341900,1.54390200,1.54442900,1.54463500,1.54499100
12.857140,2.16616500,1.42314800,1.47487200,1.39932100,1.32568100,1.31748800,1.31689400,1.31707400,1.31732100,1.31740400,1.31760800
12.894740,2.40285000,1.28681400,1.28559400,1.24265400,1.21630500,1.21503500,1.21487800,1.21473900,1.21465400,1.21460100,1.21460500
12.932330,2.31907300,1.26983500,1.21860900,1.22498400,1.25254100,1.25880200,1.25912000,1.25864200,1.25819800,1.25799900,1.25778500
12.969920,2.03278400,1.40562600,1.29723500,1.35983300,1.44337900,1.45726100,1.45805400,1.45722400,1.45641200,1.45606200,1.45562800
13.007520,1.71097100,1.69083700,1.52910200,1.63996300,1.75704500,1.77375900,1.77474200,1.77383600,1.77292100,1.77254500,1.77204200
13.045110,1.40082900,1.99777200,1.84864600,1.94276800,1.99925600,2.00379500,2.00406800,2.00387500,2.00365300,2.00360400,2.00348900
13.082710,1.17993200,2.03977700,2.00966900,1.97963100,1.90195700,1.88855900,1.88775000,1.88846400,1.88916500,1.88952800,1.88995100
13.120300,1.07823500,1.76191400,1.81989800,1.69412200,1.57011000,1.55376100,1.55277000,1.55359200,1.55442500,1.55483400,1.55533700
13.157890,1.08797300,1.43534400,1.47511900,1.36978100,1.28616900,1.27663400,1.27607100,1.27655800,1.27706000,1.27731200,1.27761800
13.195490,1.21032400,1.24054800,1.21528600,1.17812000,1.15123000,1.14955300,1.14949000,1.14961300,1.14974800,1.14983400,1.14992000
13.233080,1.41211200,1.20048200,1.10293200,1.13359100,1.15070600,1.15439600,1.15466500,1.15453900,1.15442100,1.15439200,1.15432900
13.270670,1.52227600,1.26468500,1.11912500,1.18436900,1.20272500,1.20461700,1.20472700,1.20464100,1.20454900,1.20452900,1.20449800
13.308270,1.37338900,1.30280200,1.19044100,1.20562800,1.17293700,1.16735000,1.16693400,1.16710200,1.16724800,1.16732800,1.16746100
13.345860,1.09785100,1.21458200,1.18319500,1.11485300,1.05480500,1.04735600,1.04681200,1.04702900,1.04721600,1.04731200,1.04747400
13.383460,0.86179900,1.08767700,1.07602900,0.99834400,0.95478300,0.95039100,0.95004600,0.95014700,0.95021300,0.95025700,0.95034000
13.421050,0.69120500,0.99223200,0.97524500,0.92806700,0.90144600,0.89868200,0.89845500,0.89852800,0.89856700,0.89859800,0.89864900
13.458640,0.57574900,0.87844000,0.90961100,0.86981100,0.83952200,0.83518300,0.83489300,0.83509600,0.83527100,0.83536000,0.83547300
13.496240,0.50486100,0.73046700,0.82611500,0.77923200,0.74710200,0.74244600,0.74216500,0.74241200,0.74264000,0.74275100,0.74288400
13.533830,0.46681200,0.60102400,0.72358300,0.68622200,0.66300500,0.65978400,0.65961200,0.65982300,0.66001700,0.66011300,0.66022100
13.571430,0.45375200,0.51376800,0.64088000,0.61537600,0.60322900,0.60178800,0.60174400,0.60190500,0.60204500,0.60211900,0.60219100
13.609020,0.46501100,0.46391100,0.58374800,0.57473500,0.57622700,0.57706100,0.57716200,0.57723300,0.57727800,0.57731300,0.57733000
13.646620,0.50536600,0.44410300,0.55639300,0.57475100,0.59318100,0.59687700,0.59716300,0.59712100,0.59704600,0.59703300,0.59698000
13.684210,0.58432300,0.45092400,0.56906100,0.62430700,0.66450000,0.67191000,0.67244500,0.67227100,0.67205600,0.67198700,0.67185000
13.721800,0.71510900,0.48608800,0.63142400,0.73525000,0.80340800,0.81545000,0.81629400,0.81597200,0.81559100,0.81545900,0.81522100
13.759400,0.90227600,0.55741900,0.75710300,0.91827100,1.01236200,1.02799300,1.02904500,1.02859400,1.02807700,1.02789000,1.02757400
13.796990,1.12498600,0.67981800,0.95736700,1.15169100,1.24418200,1.25816700,1.25898700,1.25849100,1.25796800,1.25776000,1.25746500
13.834590,1.35483100,0.87126300,1.20694800,1.36022300,1.41575900,1.42317400,1.42341800,1.42298400,1.42259300,1.42240900,1.42222800
13.872180,1.49410600,1.13220900,1.42204800,1.47130500,1.46810400,1.46518200,1.46484500,1.46481500,1.46482100,1.46480300,1.46485200
13.909770,1.40375800,1.42131200,1.50450900,1.42205000,1.35169200,1.33866300,1.33792000,1.33841100,1.33888000,1.33907800,1.33937300
13.947370,1.18988500,1.63034300,1.39155600,1.23453500,1.14958500,1.13618700,1.13548400,1.13602300,1.13652500,1.13674200,1.13704700
13.984960,1.03570200,1.59608900,1.17758900,1.04611000,0.97768800,0.96741600,0.96681000,0.96716400,0.96751600,0.96766100,0.96788800
14.022560,0.97777100,1.35302400,1.00310900,0.89217100,0.83058100,0.82145200,0.82084200,0.82110500,0.82140100,0.82151900,0.82172500
14.060150,0.92999600,1.07089400,0.86301000,0.73967800,0.68414700,0.67621200,0.67567400,0.67590500,0.67617400,0.67628500,0.67647300
14.097740,0.81272700,0.83979200,0.71459400,0.60256100,0.56313300,0.55775700,0.55740200,0.55757200,0.55776500,0.55785000,0.55798200
14.135340,0.67651000,0.67254900,0.58224200,0.50795100,0.48650900,0.48377300,0.48360900,0.48371400,0.48382500,0.48387800,0.48395200
14.172930,0.57978700,0.55130800,0.49294700,0.45701600,0.44980800,0.44904400,0.44901900,0.44907300,0.44912100,0.44915000,0.44918000
14.210530,0.52037900,0.47008200,0.44588100,0.43827300,0.43773800,0.43769100,0.43769600,0.43770900,0.43771900,0.43773100,0.43774000
14.248120,0.48566100,0.42538900,0.43060600,0.43276500,0.43015500,0.42990500,0.42986000,0.42982900,0.42981300,0.42980700,0.42981000
14.285710,0.47760100,0.41172800,0.43045500,0.42690500,0.42550500,0.42603000,0.42602300,0.42593100,0.42586800,0.42583900,0.42581700
14.323310,0.48777200,0.42264400,0.43011800,0.43254800,0.44164300,0.44421100,0.44434100,0.44416400,0.44402400,0.44396200,0.44389300
14.360900,0.49225900,0.44433900,0.43884100,0.46785200,0.49357100,0.49913000,0.49945900,0.49915700,0.49890400,0.49879500,0.49865700
14.398490,0.48484000,0.46219200,0.47678500,0.54694700,0.59574200,0.60551400,0.60611800,0.60563100,0.60521200,0.60503400,0.60479700
14.436090,0.48782400,0.47711000,0.56015700,0.68630700,0.76501500,0.77998200,0.78091700,0.78020100,0.77958200,0.77932000,0.77896300
14.473680,0.52190400,0.49863300,0.70647600,0.89431700,0.99393000,1.01088600,1.01193300,1.01114700,1.01047500,1.01019300,1.00979700
14.511280,0.58871800,0.55034400,0.92297400,1.11654200,1.17636900,1.18244600,1.18276600,1.18248000,1.18226700,1.18218200,1.18204700
14.548870,0.68272500,0.65925300,1.14518700,1.18820500,1.14155200,1.12945700,1.12862600,1.12911000,1.12958900,1.12979900,1.13007100
14.586460,0.82284700,0.84656700,1.19705900,1.03364000,0.93439000,0.91737800,0.91627100,0.91694600,0.91758800,0.91786400,0.91823600
14.624060,1.04175700,1.09834900,1.02453100,0.81570800,0.73569200,0.72339500,0.72260400,0.72308400,0.72353800,0.72373000,0.72399600
14.661650,1.33317100,1.27686900,0.80431500,0.65733900,0.60929500,0.60216300,0.60171000,0.60198900,0.60225300,0.60236300,0.60251700
14.699250,1.55002400,1.19986600,0.64958900,0.56454600,0.53932300,0.53560800,0.53539000,0.53554800,0.53569800,0.53576100,0.53584500
14.736840,1.47375500,0.96194300,0.56180800,0.51540500,0.50828500,0.50746300,0.50744700,0.50750300,0.50755400,0.50757600,0.50759900
14.774440,1.20624800,0.75428000,0.51778600,0.50676200,0.51919100,0.52155300,0.52174700,0.52168200,0.52161300,0.52158500,0.52153700
14.812030,0.98442300,0.63218500,0.51377600,0.54525400,0.57690500,0.58217000,0.58250900,0.58231000,0.58211700,0.58203300,0.58191500
14.849620,0.88583300,0.58694800,0.55933500,0.63091500,0.67211600,0.67860200,0.67887400,0.67855000,0.67825400,0.67812400,0.67795800
14.887220,0.89729400,0.60639100,0.66142900,0.74511400,0.78158000,0.78763200,0.78773400,0.78734000,0.78700000,0.78685000,0.78667000
14.924810,0.94904100,0.68162400,0.80283100,0.85076800,0.86665200,0.86858600,0.86849400,0.86830500,0.86814800,0.86808000,0.86801100
14.962400,0.91283100,0.80244100,0.90751500,0.87388700,0.84275800,0.83634300,0.83597200,0.83625900,0.83651300,0.83662100,0.83679200
15.000000,0.76816800,0.92725600,0.87337800,0.76830700,0.71202300,0.70274500,0.70233700,0.70281100,0.70322100,0.70339700,0.70365600
15.037590,0.62072000,0.93580600,0.72403900,0.62403400,0.57940800,0.57253700,0.57226800,0.57263700,0.57295400,0.57309300,0.57329200
15.075190,0.51593000,0.79239000,0.57831000,0.51678400,0.48761200,0.48310000,0.48290600,0.48314300,0.48334900,0.48343900,0.48357200
15.112780,0.44063000,0.62044100,0.48276700,0.44748200,0.42720400,0.42434900,0.42419700,0.42433000,0.42445100,0.42450400,0.42458700
15.150370,0.38652300,0.49642100,0.42492700,0.40402400,0.39340900,0.39238200,0.39232200,0.39236900,0.39241400,0.39243400,0.39247100
15.187970,0.35536600,0.42300600,0.38810900,0.38508300,0.38426600,0.38474600,0.38478200,0.38477000,0.38476100,0.38475900,0.38476300
15.225560,0.34792100,0.38713000,0.37080600,0.38440200,0.39021900,0.39162300,0.39173600,0.39169300,0.39165600,0.39164500,0.39163100
15.263160,0.36420700,0.37423200,0.37030900,0.39449300,0.40825100,0.41103400,0.41125600,0.41116600,0.41108700,0.41106000,0.41101800
15.300750,0.40161800,0.36517800,0.37945400,0.42231900,0.44698200,0.45141300,0.45174800,0.45160100,0.45146800,0.45142000,0.45134500
15.338350,0.45339700,0.35369800,0.40357200,0.47092300,0.49829600,0.50247100,0.50278200,0.50262800,0.50250200,0.50245700,0.50238600
15.375940,0.50264800,0.35381700,0.44843400,0.51574900,0.53164400,0.53388600,0.53406400,0.53393200,0.53385600,0.53383000,0.53379200
15.413530,0.50683700,0.37618900,0.49425100,0.53419900,0.54651500,0.54906500,0.54927500,0.54908800,0.54898700,0.54895000,0.54889800
15.451130,0.46242500,0.41293700,0.51436100,0.55137400,0.57481200,0.57911000,0.57943600,0.57918900,0.57903100,0.57897500,0.57888600
15.488720,0.42257600,0.43302800,0.52657400,0.58935900,0.61576800,0.61947300,0.61971200,0.61952400,0.61939300,0.61935200,0.61927800
15.526320,0.41625200,0.42295200,0.56137400,0.62779300,0.64104900,0.64235200,0.64235400,0.64227600,0.64222100,0.64221000,0.64218500
15.563910,0.43725100,0.41431500,0.61100600,0.64475500,0.64820700,0.64920800,0.64914000,0.64904800,0.64898500,0.64897000,0.64894500
15.601500,0.45043900,0.43149700,0.64351000,0.65696100,0.67505700,0.68000800,0.68020100,0.67992600,0.67973200,0.67966000,0.67954900
15.639100,0.42795300,0.47448200,0.65406400,0.70865500,0.76019000,0.77069300,0.77126400,0.77076600,0.77040400,0.77026300,0.77003900
15.676690,0.39528900,0.52944100,0.68648400,0.82041400,0.88872000,0.89927400,0.89985800,0.89940200,0.89906600,0.89893400,0.89872000
15.714280,0.38030800,0.57883200,0.77947000,0.93498500,0.95667500,0.95616000,0.95608400,0.95615700,0.95620800,0.95622900,0.95626300
15.751880,0.38509800,0.61131000,0.90650500,0.93419200,0.89115400,0.88203900,0.88151100,0.88197300,0.88231200,0.88244800,0.88266100
15.789470,0.40830100,0.62392400,0.95391400,0.83183400,0.78639700,0.77920900,0.77885000,0.77923900,0.77952200,0.77963600,0.77980500
15.827070,0.44823300,0.64683200,0.87293300,0.74363400,0.72274100,0.71914700,0.71898000,0.71918800,0.71933400,0.71939400,0.71948300
15.864660,0.48699100,0.72116100,0.77166200,0.70160500,0.68796400,0.68518300,0.68499000,0.68508100,0.68514000,0.68516300,0.68522100
15.902260,0.51680100,0.84519400,0.71484200,0.67751200,0.66810700,0.66737900,0.66730400,0.66727400,0.66724200,0.66722700,0.66723000
15.939850,0.55375100,0.93516400,0.68181600,0.67473600,0.69044800,0.69459700,0.69488100,0.69468200,0.69452200,0.69445700,0.69435600
15.977440,0.59806700,0.90413400,0.66367000,0.72517300,0.77862400,0.78865300,0.78937400,0.78898400,0.78868200,0.78855700,0.78833700
16.015040,0.65303300,0.82450700,0.69030300,0.84321200,0.92899700,0.94265000,0.94363100,0.94312300,0.94274900,0.94259500,0.94230300
16.052630,0.72599400,0.79689300,0.78323600,1.00220800,1.08379600,1.09396100,1.09468700,1.09429500,1.09405000,1.09394800,1.09373200
16.090230,0.81879300,0.83716400,0.93498200,1.12322900,1.16007700,1.16215400,1.16229700,1.16217300,1.16215700,1.16214500,1.16210100
16.127820,0.93409400,0.90339100,1.08160900,1.15360500,1.13717000,1.13140800,1.13095000,1.13107800,1.13124600,1.13131000,1.13143000
16.165410,1.00438400,0.95742500,1.14736100,1.09568200,1.04244600,1.03367700,1.03299400,1.03319900,1.03341600,1.03350800,1.03368300
16.203010,0.96631200,1.01771700,1.12784300,0.99711100,0.95741500,0.95272000,0.95234300,0.95238500,0.95249100,0.95254400,0.95262700
16.240600,0.90539700,1.09559400,1.04175500,0.94063900,0.93619600,0.93646200,0.93635700,0.93612800,0.93605400,0.93603300,0.93599800
16.278190,0.90663400,1.14592200,0.96037400,0.95171500,0.96736500,0.97043000,0.97035100,0.96983200,0.96956800,0.96946100,0.96933500
16.315790,0.96806300,1.13163000,0.94592300,1.00678000,1.03484000,1.04055700,1.04062400,1.03996800,1.03960500,1.03945700,1.03926400
16.353380,1.05354800,1.06556000,0.99365600,1.08728400,1.12779600,1.13536100,1.13571400,1.13519300,1.13487800,1.13475600,1.13455100
16.390980,1.13076900,1.03021700,1.07015800,1.18015300,1.24258600,1.25444700,1.25526700,1.25476400,1.25443000,1.25431000,1.25403800
16.428570,1.20882900,1.07256100,1.15367100,1.32022000,1.44025700,1.46201300,1.46355900,1.46268300,1.46211200,1.46191000,1.46143000
16.466160,1.34321600,1.16494800,1.26009700,1.57958200,1.77165300,1.80318900,1.80534800,1.80405000,1.80321900,1.80292400,1.80223300
16.503760,1.49098300,1.26633400,1.46026300,1.96065300,2.17132700,2.20052000,2.20242600,2.20121500,2.20045300,2.20019100,2.19954800
16.541350,1.51236800,1.39466700,1.78794600,2.33029200,2.46390900,2.47753700,2.47829500,2.47753200,2.47710500,2.47697400,2.47661700
16.578950,1.41011100,1.59024000,2.16323000,2.55217500,2.61288700,2.61916800,2.61928500,2.61837100,2.61792400,2.61777300,2.61746900
16.616540,1.34450700,1.85750100,2.45253000,2.70352800,2.77670800,2.78805600,2.78843100,2.78715600,2.78648900,2.78624700,2.78580800
16.654130,1.38955700,2.15681500,2.63960400,2.89103800,2.95688700,2.96509900,2.96533400,2.96467400,2.96428000,2.96413600,2.96389100
16.691730,1.49120900,2.43341500,2.81509800,2.99398600,2.97520700,2.97021700,2.96963400,2.97004800,2.97023200,2.97030100,2.97047500
16.729320,1.58883700,2.59192700,2.94778900,2.90497700,2.80528000,2.78882400,2.78744400,2.78834300,2.78887200,2.78907300,2.78949300
16.766920,1.71957700,2.66531100,2.93719900,2.67640100,2.54225900,2.52210200,2.52057300,2.52150500,2.52210900,2.52234800,2.52280400
16.804510,1.84650200,2.78878800,2.78697300,2.41325600,2.30284600,2.28626800,2.28498500,2.28551900,2.28592700,2.28609900,2.28642000
16.842100,1.84707900,2.96988700,2.53549100,2.21809700,2.13849700,2.12535000,2.12415200,2.12420400,2.12434800,2.12441400,2.12460300
16.879700,1.80660800,3.04241500,2.31542700,2.08393100,2.00502800,1.99197000,1.99078100,1.99085400,1.99097900,1.99102300,1.99123500
16.917290,1.90850000,2.90912300,2.18021100,1.93163100,1.82172400,1.80413600,1.80283300,1.80346700,1.80386700,1.80400300,1.80439500
16.954890,2.23126100,2.67314900,2.03320700,1.69616300,1.55481700,1.53432600,1.53301400,1.53404900,1.53464500,1.53485400,1.53535400
16.992480,2.73606100,2.42634100,1.81042600,1.41226400,1.29121000,1.27564200,1.27467700,1.27551500,1.27598500,1.27615000,1.27653500
17.030080,3.24076100,2.14420000,1.52235200,1.18992200,1.12009700,1.11207000,1.11152900,1.11194600,1.11217600,1.11225500,1.11245000
17.067670,3.56573800,1.81389100,1.26576900,1.07205200,1.04503200,1.04240000,1.04215800,1.04225500,1.04231400,1.04233700,1.04239100
17.105260,3.68766800,1.51807600,1.11091700,1.03358600,1.03002900,1.03041200,1.03037400,1.03030700,1.03029100,1.03029600,1.03027300
17.142850,3.59828000,1.33971900,1.04496000,1.04139000,1.05947100,1.06357800,1.06376300,1.06348500,1.06336300,1.06333900,1.06322000
17.180450,3.27381200,1.27308300,1.02703900,1.10214300,1.15116900,1.15941100,1.15973200,1.15912600,1.15884400,1.15876800,1.15852500
17.218040,2.83501600,1.26004500,1.05909300,1.22789700,1.29536700,1.30370900,1.30382200,1.30292800,1.30253900,1.30242300,1.30211400
17.255640,2.48804000,1.24610100,1.17207800,1.38128400,1.43759000,1.44145100,1.44111800,1.44012500,1.43973500,1.43961000,1.43933000
17.293230,2.27427000,1.26122300,1.35358300,1.50567400,1.53811000,1.53837500,1.53794400,1.53724600,1.53697000,1.53687500,1.53670200
17.330830,2.14493700,1.36892100,1.52631000,1.56841500,1.56004100,1.55611400,1.55577700,1.55586400,1.55588200,1.55587800,1.55593800
17.368420,2.08560800,1.55273200,1.61375400,1.52602900,1.47959500,1.47305000,1.47276100,1.47334700,1.47356800,1.47362700,1.47383700
17.406010,2.05859600,1.68730600,1.59116400,1.42042800,1.38678200,1.38355900,1.38342700,1.38383200,1.38395500,1.38398400,1.38411300
17.443610,1.99516800,1.66024700,1.48788300,1.35787800,1.34694900,1.34643700,1.34641200,1.34665500,1.34670000,1.34670600,1.34676600
17.481200,1.91174900,1.53779800,1.40268900,1.33518000,1.32235700,1.32186200,1.32185100,1.32212200,1.32219700,1.32221600,1.32228100
17.518800,1.91641100,1.44375200,1.35605400,1.31038600,1.28782000,1.28502300,1.28493700,1.28531200,1.28550000,1.28556500,1.28567300
17.556390,1.99218500,1.38109200,1.31839700,1.25747500,1.21076400,1.20374800,1.20352700,1.20407400,1.20443300,1.20457300,1.20475700
17.593980,2.03859800,1.35945200,1.27177400,1.16394800,1.12101400,1.11570000,1.11556600,1.11592000,1.11621100,1.11633300,1.11643900
17.631580,2.03517500,1.39564700,1.18382100,1.10725000,1.10041000,1.10007000,1.10008400,1.10003600,1.10012900,1.10018600,1.10013000
17.669170,1.92725500,1.41730100,1.11622600,1.13455300,1.15093700,1.15186900,1.15180100,1.15159300,1.15161500,1.15165700,1.15153200
17.706770,1.66717200,1.38053100,1.13987200,1.19450600,1.19576800,1.19376200,1.19364000,1.19390000,1.19407200,1.19416700,1.19415600
17.744360,1.38717200,1.30248000,1.22772000,1.19624100,1.16181400,1.15695700,1.15710900,1.15831400,1.15874500,1.15890600,1.15911100
17.781950,1.18163700,1.23322400,1.26091500,1.11955900,1.06961100,1.06520500,1.06566100,1.06738900,1.06794000,1.06813100,1.06840800
17.819550,1.05553800,1.17810300,1.19694500,1.04113700,1.00821000,1.00690600,1.00761900,1.00942300,1.01001000,1.01024000,1.01045400
17.857140,0.98131100,1.09657800,1.12175000,1.01018400,0.99694500,0.99677400,0.99749900,0.99915000,0.99981900,1.00013800,1.00032100
17.894740,0.89752500,1.02232500,1.06505400,0.98847500,0.97615400,0.97375000,0.97401200,0.97498500,0.97550600,0.97579400,0.97597200
17.932330,0.78908900,0.97446100,0.99222000,0.92700400,0.90499900,0.90059600,0.90027800,0.90025700,0.90034600,0.90042300,0.90053800
17.969920,0.70238100,0.91191200,0.88992400,0.83461400,0.80971800,0.80597100,0.80542600,0.80474000,0.80450200,0.80438500,0.80440400
18.007520,0.65989700,0.81462700,0.78597200,0.75010200,0.73472500,0.73346700,0.73309000,0.73233700,0.73204300,0.73188300,0.73183700
18.045110,0.65318200,0.71239200,0.70291000,0.70236700,0.70378400,0.70518400,0.70512800,0.70464200,0.70444900,0.70433700,0.70426800
18.082710,0.66856800,0.63776800,0.65682200,0.69684100,0.71006600,0.71280400,0.71297200,0.71280000,0.71273900,0.71269100,0.71262800
18.120300,0.70311400,0.60290700,0.65240500,0.71799200,0.73513400,0.73845700,0.73875400,0.73883100,0.73887200,0.73887200,0.73881700
18.157890,0.73529200,0.60075000,0.68099100,0.75716200,0.78375500,0.78942700,0.78998200,0.79024600,0.79035400,0.79038900,0.79030000
18.195490,0.73820300,0.62159300,0.73509500,0.83240300,0.88268300,0.89269300,0.89367700,0.89414300,0.89432500,0.89439800,0.89424400
18.233080,0.74008900,0.67180000,0.81799700,0.96776900,1.04432600,1.05799500,1.05936000,1.06009500,1.06039600,1.06052500,1.06032500
18.270680,0.76825800,0.76589400,0.94274100,1.15500100,1.23830700,1.25142300,1.25277400,1.25367300,1.25406300,1.25422200,1.25404300
18.308270,0.80902000,0.90402800,1.11718000,1.33815400,1.40301600,1.41248000,1.41336600,1.41389200,1.41408100,1.41413000,1.41397800
18.345860,0.84282900,1.05865000,1.30100400,1.47086100,1.51264400,1.51901800,1.51956600,1.51980900,1.51982200,1.51977400,1.51964800
18.383460,0.86734700,1.19278000,1.45415600,1.56324100,1.60280200,1.61066500,1.61165600,1.61249900,1.61278000,1.61283800,1.61274200
18.421050,0.91486300,1.29113100,1.60528000,1.68219200,1.76084400,1.77639500,1.77847900,1.78033100,1.78105800,1.78129800,1.78116100
18.458640,1.02957900,1.37942200,1.78386500,1.90898000,2.02908300,2.04945200,2.05231300,2.05506800,2.05625400,2.05668500,2.05655200
18.496240,1.24465400,1.48878100,2.02262100,2.19651200,2.28244900,2.29213100,2.29399100,2.29647900,2.29772400,2.29820800,2.29825800
18.533830,1.57700400,1.65550100,2.27529100,2.33153500,2.30184000,2.29160000,2.29103400,2.29147800,2.29185400,2.29199600,2.29220400
18.571430,1.96528800,1.91890900,2.35168200,2.20036900,2.09999600,2.08352300,2.08188600,2.08076000,2.08027700,2.08003800,2.08017300
18.609020,2.22670000,2.20399800,2.19836700,1.97952300,1.90345500,1.89375800,1.89274300,1.89175400,1.89122200,1.89093400,1.89094600
18.646610,2.28847000,2.31774600,1.99495100,1.83929700,1.79331400,1.78727300,1.78641100,1.78531300,1.78462400,1.78424400,1.78419500
18.684210,2.26220300,2.23529100,1.86563100,1.73256200,1.67529500,1.66741800,1.66602700,1.66426900,1.66317400,1.66260100,1.66253900
18.721800,2.28194100,2.09712600,1.74834700,1.59606400,1.54956100,1.54533900,1.54428900,1.54270600,1.54160000,1.54098900,1.54086700
18.759400,2.47138500,2.01518300,1.61321500,1.51523300,1.51882700,1.52386600,1.52389300,1.52307700,1.52218300,1.52161000,1.52136200
18.796990,2.78341200,1.95298800,1.54897900,1.56874000,1.63522900,1.65097200,1.65221300,1.65219700,1.65150200,1.65094800,1.65054800
18.834590,3.00576200,1.84464900,1.62180900,1.76946700,1.89090100,1.91431300,1.91650900,1.91719400,1.91681000,1.91636100,1.91588700
18.872180,3.05287100,1.73819900,1.82940900,2.06363300,2.19656900,2.21739200,2.21967300,2.22085000,2.22104500,2.22092900,2.22059600
18.909770,2.95770700,1.72780000,2.10295400,2.32535700,2.41354000,2.42404600,2.42560800,2.42692100,2.42757300,2.42774200,2.42762000
18.947370,2.81239700,1.86843800,2.34837900,2.48256100,2.54936500,2.55884800,2.56043500,2.56197800,2.56268500,2.56283900,2.56269200
18.984960,2.78919600,2.14888200,2.54805100,2.65417300,2.77169000,2.79144500,2.79397000,2.79585400,2.79635600,2.79630300,2.79591700
19.022560,2.92193500,2.46877400,2.80691300,2.97325800,3.14288800,3.17167300,3.17470600,3.17641100,3.17631000,3.17588100,3.17524800
19.060150,3.14913900,2.75527000,3.21284300,3.40651400,3.57532400,3.60582600,3.60885900,3.61046000,3.60987900,3.60914000,3.60846200
19.097740,3.41194000,3.05627800,3.70517400,3.80655400,3.91196300,3.93135700,3.93348600,3.93498300,3.93470000,3.93418000,3.93380300
19.135340,3.53884000,3.40839300,4.03388600,4.00465400,4.02637100,4.02869500,4.02933400,4.03036400,4.03081600,4.03090900,4.03097800
19.172930,3.39332600,3.71540300,4.04233200,3.97763800,3.96180100,3.95683800,3.95678000,3.95743600,3.95822900,3.95866200,3.95891800
19.210530,3.14882100,3.87769000,3.88748300,3.87737300,3.87118400,3.86723900,3.86692300,3.86703100,3.86745900,3.86778800,3.86798100
19.248120,3.04358800,3.88394500,3.75978600,3.79911900,3.77947400,3.77349600,3.77278700,3.77234700,3.77258200,3.77290700,3.77310900
19.285710,3.10195100,3.72005900,3.63888500,3.70446600,3.67918200,3.67569900,3.67550300,3.67540200,3.67578600,3.67612900,3.67630300
19.323310,3.22027000,3.52468300,3.53663900,3.64053900,3.64224400,3.64531700,3.64601700,3.64654900,3.64686700,3.64698500,3.64702300
19.360900,3.35812800,3.43717300,3.53125400,3.65124200,3.68853600,3.69853800,3.70007900,3.70119100,3.70144700,3.70140300,3.70129200
19.398490,3.50343700,3.45280000,3.57467200,3.73973900,3.81086700,3.82433200,3.82629400,3.82793800,3.82841800,3.82848900,3.82835000
19.436090,3.59966900,3.48577500,3.63314700,3.86272500,3.92596500,3.93441900,3.93568700,3.93714700,3.93758900,3.93774800,3.93769100
19.473680,3.61415200,3.46053200,3.73993500,3.93115900,3.93696000,3.93256100,3.93216100,3.93252200,3.93265900,3.93284500,3.93294200
19.511280,3.51078800,3.39604400,3.86211400,3.85099200,3.75250400,3.73109000,3.72869600,3.72765000,3.72767100,3.72802400,3.72839300
19.548870,3.28031400,3.35986000,3.82844000,3.55729000,3.39469900,3.36624100,3.36310700,3.36157100,3.36178100,3.36231900,3.36287000
19.586470,2.96028000,3.38325700,3.52005700,3.16345000,2.99287400,2.96445100,2.96119500,2.95943300,2.95956300,2.95999000,2.96052800
19.624060,2.67506800,3.39334700,3.09215400,2.78292100,2.63009700,2.60694000,2.60405300,2.60217900,2.60189100,2.60197200,2.60232000
19.661650,2.58428300,3.29304800,2.70340500,2.48142300,2.38574200,2.37511000,2.37349300,2.37212400,2.37149200,2.37123100,2.37129500
19.699250,2.72045800,3.08034000,2.45447900,2.34213100,2.34026800,2.34727600,2.34766400,2.34752300,2.34689900,2.34644300,2.34621300
19.736840,2.96160300,2.85911300,2.38915500,2.42270000,2.50931600,2.52968600,2.53172100,2.53276800,2.53241600,2.53195800,2.53155900
19.774440,3.08289800,2.73225500,2.50532000,2.65947100,2.75528400,2.77110700,2.77303000,2.77441400,2.77471800,2.77467700,2.77446700
19.812030,2.96421900,2.72813000,2.68615100,2.82684900,2.83653900,2.83330200,2.83376700,2.83487100,2.83619100,2.83691000,2.83717600
19.849620,2.71261000,2.79963400,2.70026100,2.76654000,2.70713700,2.69373300,2.69345600,2.69448500,2.69639700,2.69753000,2.69804700
19.887220,2.44266900,2.78506500,2.52544700,2.59235100,2.53813800,2.52883500,2.52872300,2.52963200,2.53109900,2.53201300,2.53242900
19.924810,2.18350900,2.55957000,2.33879700,2.46610100,2.45901000,2.46117600,2.46196800,2.46317200,2.46405300,2.46463500,2.46482800
19.962400,1.96113600,2.25601000,2.26758400,2.47337900,2.53663300,2.55149600,2.55360500,2.55565100,2.55648400,2.55694000,2.55695700
20.000000,1.81030500,2.05638700,2.32492200,2.62796100,2.71490100,2.72941700,2.73115400,2.73290400,2.73351500,2.73384400,2.73384000
